,Tumor_Sample_Barcode,PATIENT_ID,SUBTYPE,CANCER_TYPE_ACRONYM,OTHER_PATIENT_ID,AGE,AGE_group,SEX,MSI_an,STAGE,imm_Immune.Subtype,imm_Nonsilent.Mutation.Rate,ANEUPLOIDY_SCORE,MFP_an,surv_time,surv_status,CSC_cluster,CSRS,CSRS_subgroup
TCGA-3M-AB46,TCGA-3M-AB46,TCGA-3M-AB46,STAD_CIN,STAD,BE6531B2-D1F3-44AB-9C02-1CEAE51EF2BB,70,dadeng60,Male,MSS,I,C2,4.555751916,11,F,58.02676135,0,CSC4,0.883171559,high
TCGA-3M-AB47,TCGA-3M-AB47,TCGA-3M-AB47,STAD_GS,STAD,85C11B74-9E50-4DA1-8C0B-D5677CC801B1,51,xiao60,Male,MSS,III,C1,3.121783715,6,IE/F,12.98615906,1,CSC1,-0.615666938,alow
TCGA-B7-5816,TCGA-B7-5816,TCGA-B7-5816,STAD_MSI,STAD,f07070c0-fd0a-4c19-ba1e-5f06b933cd7c,51,xiao60,Female,MSI,II,C2,32.77722833,2,F,26.69559786,0,CSC4,0.701541458,high
TCGA-B7-5818,TCGA-B7-5818,TCGA-B7-5818,STAD_EBV,STAD,6e03b415-84a1-4b91-8717-1a41edd4a255,62,dadeng60,Male,MSS,I,C2,9.339978661,9,IE,11.70398133,0,CSC3,-0.234807251,alow
TCGA-B7-A5TI,TCGA-B7-A5TI,TCGA-B7-A5TI,STAD_MSI,STAD,4310A287-5F01-4E0D-94E3-96C5379C3245,52,xiao60,Male,MSI,III,C1,15.23662255,4,D,19.56142946,0,CSC3,-0.49387002,alow
TCGA-B7-A5TJ,TCGA-B7-A5TJ,TCGA-B7-A5TJ,STAD_CIN,STAD,5624BEAB-545A-4A5B-960E-C33429572272,74,dadeng60,Male,MSS,II,C1,5.958418263,21,D,11.01357793,0,CSC3,-0.402915515,alow
TCGA-B7-A5TK,TCGA-B7-A5TK,TCGA-B7-A5TK,STAD_EBV,STAD,4ED55013-3853-48EA-909F-7D26D5055637,51,xiao60,Male,MSS,III,C2,1.199285542,10,IE,9.468389388,0,CSC3,0.667002937,high
TCGA-B7-A5TN,TCGA-B7-A5TN,TCGA-B7-A5TN,STAD_CIN,STAD,77535AF0-DEF4-439C-B50D-8720712235DD,60,dadeng60,Male,MSS,II,C1,1.906821216,17,F,9.435513036,0,CSC4,0.892308573,high
TCGA-BR-4187,TCGA-BR-4187,TCGA-BR-4187,STAD_GS,STAD,12071070-d06b-4c7b-a7b1-77c84963abe6,56,xiao60,Male,MSS,NA,C2,0.717071066,4,F,4.635565638,0,CSC2,-0.623699635,alow
TCGA-BR-4191,TCGA-BR-4191,TCGA-BR-4191,STAD_CIN,STAD,74f859cf-6df5-4e96-ae6b-cfaab691d5fd,72,dadeng60,Male,MSS,NA,C2,5.651191056,5,IE/F,18.34500444,0,CSC4,0.444137881,high
TCGA-BR-4201,TCGA-BR-4201,TCGA-BR-4201,STAD_MSI,STAD,8520654b-2192-46cf-9d72-1ddb885a7c55,66,dadeng60,Female,MSI,NA,C2,38.15732141,4,F,30.90377092,0,CSC4,0.130172394,high
TCGA-BR-4253,TCGA-BR-4253,TCGA-BR-4253,STAD_EBV,STAD,411257a4-a148-4606-8c8b-f9f1240e40ed,80,dadeng60,Female,MSS,III,C2,2.256228188,2,IE,4.076667653,0,CSC2,-0.72004974,alow
TCGA-BR-4255,TCGA-BR-4255,TCGA-BR-4255,STAD_CIN,STAD,956017ba-5e4b-42c7-b93d-42316874ba93,76,dadeng60,Female,NA,III,C1,1.216972733,22,NA,4.076667653,0,CSC4,0.559602094,high
TCGA-BR-4256,TCGA-BR-4256,TCGA-BR-4256,STAD_MSI,STAD,7b0d69ca-13a6-46e0-839c-e433bbede3ad,80,dadeng60,Male,MSI,NA,C2,26.94315458,5,F,9.336883979,0,CSC4,0.574198344,high
TCGA-BR-4257,TCGA-BR-4257,TCGA-BR-4257,STAD_MSI,STAD,da112431-5579-4fd1-a230-9144b359b0e9,79,dadeng60,Female,MSI,NA,C4,29.01505708,24,IE/F,9.6656475,0,CSC1,-1.403586353,alow
TCGA-BR-4267,TCGA-BR-4267,TCGA-BR-4267,STAD_CIN,STAD,0d0f0200-25b8-483b-b04a-82a7833b4d30,51,xiao60,Male,MSS,I,C1,2.199978393,5,F,6.180754184,0,CSC4,1.298677261,high
TCGA-BR-4279,TCGA-BR-4279,TCGA-BR-4279,STAD_CIN,STAD,117eb38b-0c62-4336-a866-fa5bd013256a,43,xiao60,Male,MSS,II,C2,1.08206046,5,F,9.567018444,0,CSC4,0.505535976,high
TCGA-BR-4280,TCGA-BR-4280,TCGA-BR-4280,STAD_MSI,STAD,e0916597-e489-45ef-a8f7-653a3c6591ef,78,dadeng60,Female,MSI,III,C2,19.89763305,3,IE,6.60814676,0,CSC1,-1.353798944,alow
TCGA-BR-4292,TCGA-BR-4292,TCGA-BR-4292,STAD_MSI,STAD,703d3e86-32f4-44ae-bd88-c02378fc2269,73,dadeng60,Female,MSI,NA,C2,36.67882403,4,IE,0,0,CSC1,-1.523223928,alow
TCGA-BR-4294,TCGA-BR-4294,TCGA-BR-4294,STAD_CIN,STAD,acab1362-c8a0-448b-8533-0cd84d97959c,65,dadeng60,Male,MSS,NA,C3,0.870319233,18,D,0,0,CSC2,-0.206384863,alow
TCGA-BR-4357,TCGA-BR-4357,TCGA-BR-4357,STAD_CIN,STAD,bec83dff-2bba-4467-92aa-5dc3db9e0eaf,58,xiao60,Male,MSS,NA,C2,5.974668701,22,IE/F,0,0,CSC4,-0.358536933,alow
TCGA-BR-4361,TCGA-BR-4361,TCGA-BR-4361,STAD_MSI,STAD,29ed984c-74b5-4016-a649-c32e5d1d9869,66,dadeng60,Female,MSI,III,C2,62.79105701,2,IE,0,0,CSC4,-0.071825187,high
TCGA-BR-4362,TCGA-BR-4362,TCGA-BR-4362,STAD_MSI,STAD,b1f261e9-c896-46d2-93c7-0290970196f8,74,dadeng60,Female,MSI,NA,C2,39.98641156,10,IE,0,0,CSC2,-1.812015356,alow
TCGA-BR-4363,TCGA-BR-4363,TCGA-BR-4363,STAD_MSI,STAD,66bca2f8-f269-454d-abe2-ce51a0704645,60,dadeng60,Female,MSI,NA,C2,14.94515201,3,IE/F,0,0,CSC2,-0.164141019,alow
TCGA-BR-4366,TCGA-BR-4366,TCGA-BR-4366,STAD_CIN,STAD,525a6978-2d7b-4f3a-ac68-13fe8cbbbdcc,87,dadeng60,Male,MSS,NA,C4,3.34979905,7,F,0,0,CSC4,-0.197130448,alow
TCGA-BR-4368,TCGA-BR-4368,TCGA-BR-4368,STAD_MSI,STAD,449bf2be-b20e-4ad0-9ffb-910d83114018,78,dadeng60,Female,MSI,IV,C2,31.3933656,15,IE,0,0,CSC4,0.268756328,high
TCGA-BR-4369,TCGA-BR-4369,TCGA-BR-4369,STAD_CIN,STAD,fe9a5fcf-ff99-4dd1-8cc7-ed9f4b9d952b,75,dadeng60,Male,MSS,NA,C1,4.028104502,20,IE,0,0,CSC2,-0.137022538,alow
TCGA-BR-4370,TCGA-BR-4370,TCGA-BR-4370,STAD_MSI,STAD,a2a71cb0-9dbd-45cc-8867-da84500515e7,74,dadeng60,Female,MSI,NA,C1,25.95743501,4,F,0,0,CSC4,0.654112959,high
TCGA-BR-4371,TCGA-BR-4371,TCGA-BR-4371,STAD_GS,STAD,c2f90f1a-a81b-465e-8e6b-5f02a21b27dd,71,dadeng60,Female,MSS,NA,C2,3.634726345,9,IE,0,0,CSC2,-0.397861199,alow
TCGA-BR-6452,TCGA-BR-6452,TCGA-BR-6452,STAD_MSI,STAD,27988b3e-cde1-4f4b-82a1-6d8ad08db8e9,78,dadeng60,Female,MSI,II,C1,136.3880599,2,IE,34.6845514,0,CSC2,-0.489562298,alow
TCGA-BR-6453,TCGA-BR-6453,TCGA-BR-6453,STAD_GS,STAD,ae633e83-303f-4a90-ac3b-34458fd9beef,54,xiao60,Male,MSS,II,C2,4.345982635,5,IE/F,15.94503074,0,CSC3,0.199909855,high
TCGA-BR-6454,TCGA-BR-6454,TCGA-BR-6454,STAD_CIN,STAD,ac2cbce4-4ba8-42c9-ac61-70f42995588e,58,xiao60,Male,MSS,II,C2,3.509965837,21,IE,0,0,CSC4,1.136793646,high
TCGA-BR-6455,TCGA-BR-6455,TCGA-BR-6455,STAD_EBV,STAD,75a29059-4705-4a55-bc3d-f5923b24b358,59,xiao60,Male,MSS,II,C1,2.028084391,6,IE,12.65739554,1,CSC1,-0.863299363,alow
TCGA-BR-6456,TCGA-BR-6456,TCGA-BR-6456,STAD_CIN,STAD,1ca3c5e0-32b0-4467-8ec0-ca212e35d2b3,74,dadeng60,Female,MSS,II,C2,0.91131591,24,F,17.29296117,0,CSC4,0.577881967,high
TCGA-BR-6457,TCGA-BR-6457,TCGA-BR-6457,STAD_GS,STAD,05ce16d4-a999-491a-91ad-9449a57228ff,69,dadeng60,Male,MSS,II,C3,2.773253347,9,IE/F,13.67656245,0,CSC4,1.198908186,high
TCGA-BR-6458,TCGA-BR-6458,TCGA-BR-6458,STAD_CIN,STAD,e516880b-c4e5-43cd-a358-be0db88564d7,57,xiao60,Female,MSS,II,C2,7.278572363,13,IE/F,18.87102607,1,CSC3,0.549070308,high
TCGA-BR-6563,TCGA-BR-6563,TCGA-BR-6563,STAD_GS,STAD,9d7305be-60a3-4ecf-856a-bd5321166590,60,dadeng60,Male,MSS,II,C3,1.59710678,1,IE/F,4.865700102,1,CSC3,0.382683404,high
TCGA-BR-6564,TCGA-BR-6564,TCGA-BR-6564,STAD_CIN,STAD,af1086cc-b330-4ad6-ae1c-3b5c7259949a,46,xiao60,Female,MSS,III,C2,0.798727513,12,IE/F,26.10382352,0,CSC4,1.371534905,high
TCGA-BR-6565,TCGA-BR-6565,TCGA-BR-6565,STAD_CIN,STAD,daecea36-b379-46ce-8ae9-a38d22556ce2,67,dadeng60,Male,MSS,II,C2,3.607610977,28,IE,9.172502219,1,CSC2,-0.402922851,alow
TCGA-BR-6566,TCGA-BR-6566,TCGA-BR-6566,STAD_MSI,STAD,43f0421c-6578-4d77-9314-ef0305c7efbd,64,dadeng60,Female,MSI,II,C2,22.61764417,5,IE,32.77772298,0,CSC1,-0.336647731,alow
TCGA-BR-6705,TCGA-BR-6705,TCGA-BR-6705,STAD_CIN,STAD,b14f2fcb-e869-475e-bc7c-adaf6e7e636f,68,dadeng60,Female,MSS,III,C1,2.276272062,5,F,25.61067824,1,CSC4,0.968420364,high
TCGA-BR-6706,TCGA-BR-6706,TCGA-BR-6706,STAD_EBV,STAD,93aebbd4-19cf-495a-b8ce-3c4a3feba152,63,dadeng60,Male,MSS,III,C2,4.992844398,4,IE,13.21629352,1,CSC4,0.665878615,high
TCGA-BR-6707,TCGA-BR-6707,TCGA-BR-6707,STAD_EBV,STAD,df3df249-86c2-43d4-abe1-796cd7df653f,75,dadeng60,Male,MSS,II,C2,1.666881589,8,IE,14.00532597,1,CSC1,-0.797351794,alow
TCGA-BR-6709,TCGA-BR-6709,TCGA-BR-6709,,STAD,6f70e9f0-580b-4199-934b-dacd29fb28a0,57,xiao60,Female,MSS,III,NA,1.037535558,7,IE,12.16425026,1,CSC4,1.143776317,high
TCGA-BR-6801,TCGA-BR-6801,TCGA-BR-6801,STAD_CIN,STAD,24fed326-bdcf-4c20-a06e-7c1c3d6c9cc5,70,dadeng60,Male,MSS,II,C1,1.013373842,7,F,40.20777855,0,CSC3,0.430833675,high
TCGA-BR-6802,TCGA-BR-6802,TCGA-BR-6802,STAD_MSI,STAD,7c831a1d-3253-4af4-a0ff-7fe9ff9af1ce,65,dadeng60,Male,MSI,III,C2,11.29176963,4,IE,26.5312161,1,CSC3,0.366732166,high
TCGA-BR-6803,TCGA-BR-6803,TCGA-BR-6803,STAD_GS,STAD,2f90209b-7464-4d7e-83d1-67850c263ded,54,xiao60,Female,MSS,II,C3,0.312294232,4,IE/F,31.19965809,0,CSC4,0.899347571,high
TCGA-BR-6852,TCGA-BR-6852,TCGA-BR-6852,STAD_MSI,STAD,44799c67-61cd-4f3e-bdbc-423e2e0fd2e8,64,dadeng60,Female,MSI,II,C2,25.92427654,2,IE,44.94197324,0,CSC2,-0.02937881,high
TCGA-BR-7196,TCGA-BR-7196,TCGA-BR-7196,STAD_EBV,STAD,1b641270-18f8-4257-821b-d26179e08e28,64,dadeng60,Male,MSS,IV,C2,1.817824808,3,IE/F,11.44097051,1,CSC4,0.511152344,high
TCGA-BR-7197,TCGA-BR-7197,TCGA-BR-7197,STAD_CIN,STAD,79dbe26f-930b-420a-9a2e-483e3318ca10,69,dadeng60,Male,MSS,II,C1,4.567668174,27,D,9.205378571,0,CSC1,-0.453941047,alow
TCGA-BR-7703,TCGA-BR-7703,TCGA-BR-7703,STAD_MSI,STAD,2943375e-3de8-4d42-959a-62f4192067ae,81,dadeng60,Male,MSI,I,C2,18.4092556,0,IE,36.16398724,0,CSC1,-0.746057268,alow
TCGA-BR-7704,TCGA-BR-7704,TCGA-BR-7704,,STAD,9ef7582b-d4c1-4036-a1ed-ef65aa46fc60,69,dadeng60,Female,MSS,II,NA,9.778835241,17,IE,35.24344939,0,CSC3,0.95749054,high
TCGA-BR-7707,TCGA-BR-7707,TCGA-BR-7707,STAD_MSI,STAD,84d2d341-9e52-49ab-8c51-417208834c5d,69,dadeng60,Female,MSI,I,C2,36.27276708,4,D,35.83522372,0,CSC1,-0.665911691,alow
TCGA-BR-7715,TCGA-BR-7715,TCGA-BR-7715,STAD_CIN,STAD,69704642-ba65-4a45-8f13-95d847185045,65,dadeng60,Male,MSS,II,C1,3.585261706,28,D,33.63250814,0,CSC1,-0.327939535,alow
TCGA-BR-7716,TCGA-BR-7716,TCGA-BR-7716,STAD_CIN,STAD,ca21c55f-45a7-42af-be07-430990d5445b,62,dadeng60,Female,MSS,II,C2,4.198543852,14,IE,39.78038597,0,CSC2,-0.045384576,high
TCGA-BR-7717,TCGA-BR-7717,TCGA-BR-7717,STAD_CIN,STAD,93a337ae-2bd3-4464-b38f-93dff92d3fde,63,dadeng60,Male,MSS,IV,C2,3.404947531,22,D,18.14774633,0,CSC3,0.504346082,high
TCGA-BR-7722,TCGA-BR-7722,TCGA-BR-7722,STAD_CIN,STAD,8d3e3d09-bc61-4d5e-b8d6-5aee6cb488ae,62,dadeng60,Male,MSS,II,C3,1.162020344,6,IE/F,15.32038005,0,CSC4,1.312950888,high
TCGA-BR-7723,TCGA-BR-7723,TCGA-BR-7723,STAD_CIN,STAD,bb3729fe-2fa2-47fc-afde-c14036cb84f5,59,xiao60,Male,MSS,III,C1,4.194420138,20,D,18.37788079,1,CSC3,0.644947393,high
TCGA-BR-7851,TCGA-BR-7851,TCGA-BR-7851,STAD_MSI,STAD,08c73b36-ede5-4136-b73b-0e964d432f89,74,dadeng60,Male,MSI,II,C1,38.1771509,0,IE,NA,0,CSC2,-1.0319878,alow
TCGA-BR-7901,TCGA-BR-7901,TCGA-BR-7901,STAD_CIN,STAD,9b5e5122-8ea0-432c-bc64-932bf376fffd,74,dadeng60,Male,MSS,II,C1,4.286718203,22,F,2.991748036,1,CSC4,0.836495718,high
TCGA-BR-7957,TCGA-BR-7957,TCGA-BR-7957,STAD_CIN,STAD,0dfa566e-8fb2-4288-81ce-b4bcce674b06,50,xiao60,Female,MSS,IV,C1,1.274462241,4,F,9.073873163,0,CSC2,-0.604209592,alow
TCGA-BR-7958,TCGA-BR-7958,TCGA-BR-7958,STAD_EBV,STAD,1fb6c06e-ecf4-4b4c-bb15-df8c0a9fad8f,60,dadeng60,Male,MSS,III,C2,4.083605437,5,IE,29.55584048,0,CSC3,1.092518999,high
TCGA-BR-7959,TCGA-BR-7959,TCGA-BR-7959,STAD_CIN,STAD,b16167d0-d7d7-408e-bd0e-ce429b7f828c,59,xiao60,Male,MSS,III,C2,2.507033002,19,F,33.20511556,0,CSC4,-0.183233063,alow
TCGA-BR-8058,TCGA-BR-8058,TCGA-BR-8058,STAD_CIN,STAD,4685dc14-1809-47ea-aba9-9bde72f6661b,53,xiao60,Female,MSS,III,C2,1.338915763,8,IE/F,2.925995332,1,CSC4,0.001469851,high
TCGA-BR-8059,TCGA-BR-8059,TCGA-BR-8059,STAD_MSI,STAD,bae3c762-d894-4742-860c-43d18659b4bc,72,dadeng60,Male,MSI,III,C1,18.27341872,4,F,14.43271855,0,CSC3,0.603572068,high
TCGA-BR-8060,TCGA-BR-8060,TCGA-BR-8060,,STAD,23ef21a0-3695-4ca2-99e2-274805f11892,75,dadeng60,Female,MSS,II,NA,4.938087452,18,F,11.44097051,0,CSC4,1.739044699,high
TCGA-BR-8077,TCGA-BR-8077,TCGA-BR-8077,STAD_CIN,STAD,faed873e-a019-49c0-95a9-e9880fc23093,58,xiao60,Female,MSS,III,C2,3.035342694,22,IE,0.690403393,0,CSC3,0.295247234,high
TCGA-BR-8078,TCGA-BR-8078,TCGA-BR-8078,STAD_MSI,STAD,ea600f9e-cda8-4a56-b8bd-e4c01ab724ba,70,dadeng60,Female,MSI,II,C2,40.4393589,5,IE,29.58871684,0,CSC2,-0.146161839,alow
TCGA-BR-8080,TCGA-BR-8080,TCGA-BR-8080,STAD_CIN,STAD,d0b78f02-2315-4c12-8b2a-ac1a110f882d,72,dadeng60,Female,MSS,III,C1,4.465523324,19,F,9.599894796,0,CSC4,0.530202021,high
TCGA-BR-8081,TCGA-BR-8081,TCGA-BR-8081,STAD_MSI,STAD,1d3a03a5-b757-4617-b65a-50f429a0e026,71,dadeng60,Female,MSI,II,C2,22.21877866,0,IE,32.25170135,0,CSC2,-1.190421836,alow
TCGA-BR-8284,TCGA-BR-8284,TCGA-BR-8284,STAD_POLE,STAD,a89e46f4-4808-41e5-a047-acebf8744eb7,72,dadeng60,Female,MSI,III,C2,7.998932613,6,IE/F,8.05470625,0,CSC2,-0.729078535,alow
TCGA-BR-8286,TCGA-BR-8286,TCGA-BR-8286,STAD_CIN,STAD,7d915d11-729c-4577-a948-9824a8b033ce,49,xiao60,Male,MSS,II,C1,3.042408039,17,D,29.42433508,0,CSC2,-0.125326382,high
TCGA-BR-8289,TCGA-BR-8289,TCGA-BR-8289,STAD_CIN,STAD,889cb779-36a5-4ac6-b2cf-ea7be0cc387d,57,xiao60,Male,MSS,IV,C1,5.439994115,19,D,2.662984515,0,CSC2,-0.375341674,alow
TCGA-BR-8291,TCGA-BR-8291,TCGA-BR-8291,STAD_CIN,STAD,264b781d-122b-433d-80d4-59fbec262f22,61,dadeng60,Male,MSS,II,C3,0.776678059,8,F,19.95594569,0,CSC4,0.514357434,high
TCGA-BR-8295,TCGA-BR-8295,TCGA-BR-8295,,STAD,62d32d19-ec93-4359-ab17-dc32e599b29a,60,dadeng60,Female,MSS,II,NA,1.215182219,22,D,2.202715587,1,CSC1,-1.121253827,alow
TCGA-BR-8296,TCGA-BR-8296,TCGA-BR-8296,,STAD,2688d563-b052-440b-a810-873b1cd3666d,58,xiao60,Female,MSS,III,NA,1.748414363,27,IE/F,12.8217773,1,CSC4,0.201961032,high
TCGA-BR-8297,TCGA-BR-8297,TCGA-BR-8297,STAD_CIN,STAD,304aab66-4a2a-4b9f-af87-4a591d518ca1,58,xiao60,Male,MSS,III,C2,5.952489945,14,IE/F,7.397179209,0,CSC2,0.634037232,high
TCGA-BR-8361,TCGA-BR-8361,TCGA-BR-8361,STAD_MSI,STAD,86cbca52-29bd-4b88-a203-e8b9a072bd4b,71,dadeng60,Female,MSI,III,C2,40.34648365,5,IE,31.10102903,0,CSC1,-0.429347404,alow
TCGA-BR-8363,TCGA-BR-8363,TCGA-BR-8363,STAD_MSI,STAD,65ef7ccc-93e9-487a-9d4c-70ee7b9ddb17,73,dadeng60,Female,MSI,I,C2,30.09938998,3,IE,0.263010816,0,CSC2,-0.151170384,alow
TCGA-BR-8364,TCGA-BR-8364,TCGA-BR-8364,STAD_CIN,STAD,632f51b3-8ef4-4b6e-a992-c81e554507ed,42,xiao60,Female,MSS,III,C3,0.525833554,4,F,22.19153763,0,CSC4,1.048931383,high
TCGA-BR-8365,TCGA-BR-8365,TCGA-BR-8365,STAD_CIN,STAD,55a2c884-49a7-4d1a-9e0e-42f6a8b720fa,70,dadeng60,Female,MSS,II,C3,0.552101948,7,IE/F,17.52309564,1,CSC2,0.633737165,high
TCGA-BR-8366,TCGA-BR-8366,TCGA-BR-8366,STAD_EBV,STAD,66c04b8f-42fd-44c5-945b-ee149bcf5dad,80,dadeng60,Female,MSS,II,C2,4.413804457,6,IE,0.953414209,0,CSC3,0.801885968,high
TCGA-BR-8367,TCGA-BR-8367,TCGA-BR-8367,STAD_GS,STAD,b12d9857-9ae1-445b-a963-b630b27b254e,55,xiao60,Male,MSS,III,C1,1.534300645,1,F,19.06828418,1,CSC2,-0.740929977,alow
TCGA-BR-8368,TCGA-BR-8368,TCGA-BR-8368,STAD_MSI,STAD,00781a96-4068-427c-a9c5-584d167c3dea,84,dadeng60,Female,MSI,I,C1,24.43261772,2,D,4.306802117,0,CSC1,-0.679802378,alow
TCGA-BR-8369,TCGA-BR-8369,TCGA-BR-8369,STAD_CIN,STAD,f89ac782-e0b2-4e62-844d-2e00d10a1c65,76,dadeng60,Female,MSS,III,C1,4.971574252,18,D,13.77519151,1,CSC3,0.404685707,high
TCGA-BR-8371,TCGA-BR-8371,TCGA-BR-8371,STAD_GS,STAD,4020b1b1-576d-4869-9ff5-552e3afb3ab5,62,dadeng60,Male,MSS,III,C3,0.44976133,0,IE/F,11.73685768,1,CSC2,1.033611948,high
TCGA-BR-8372,TCGA-BR-8372,TCGA-BR-8372,STAD_MSI,STAD,5b52f882-df12-42ec-a000-ff3b428ba05b,63,dadeng60,Male,MSI,III,C2,32.4952443,2,IE,31.26541079,0,CSC1,-1.57493906,alow
TCGA-BR-8373,TCGA-BR-8373,TCGA-BR-8373,STAD_CIN,STAD,60879669-96c2-4710-82e0-0ae9d0e5b242,65,dadeng60,Female,MSS,III,C3,2.052029448,19,F,14.79435842,0,CSC4,0.004671367,high
TCGA-BR-8380,TCGA-BR-8380,TCGA-BR-8380,STAD_GS,STAD,9ebc8b58-363b-4638-8365-cfbde31a71ae,55,xiao60,Male,MSS,III,C1,2.125575196,0,F,15.3532564,1,CSC2,-0.264516155,alow
TCGA-BR-8381,TCGA-BR-8381,TCGA-BR-8381,STAD_EBV,STAD,aef8d98f-7a1c-47f3-b5a7-a3cb299c70de,51,xiao60,Male,MSS,II,C2,2.844936669,8,IE,7.364302857,0,CSC2,0.163321469,high
TCGA-BR-8382,TCGA-BR-8382,TCGA-BR-8382,STAD_MSI,STAD,e617b5c5-55ca-47a7-8497-854ab2844818,67,dadeng60,Female,MSI,III,C2,22.90830017,3,IE/F,25.05178025,0,CSC1,-0.302114293,alow
TCGA-BR-8384,TCGA-BR-8384,TCGA-BR-8384,STAD_GS,STAD,698a89d8-b4bc-48a8-80af-8414dbacf327,69,dadeng60,Male,MSS,III,C3,1.149377958,0,IE/F,3.715027781,0,CSC2,0.915866734,high
TCGA-BR-8483,TCGA-BR-8483,TCGA-BR-8483,STAD_CIN,STAD,e17cf9e9-0902-44e0-962b-af5492876f7d,59,xiao60,Male,MSS,III,C2,3.025769998,23,D,5.391721735,0,CSC3,0.726374955,high
TCGA-BR-8484,TCGA-BR-8484,TCGA-BR-8484,STAD_CIN,STAD,fa00a6a7-d5b0-40b9-8360-d56f7db64d34,61,dadeng60,Male,MSS,III,C2,1.593644338,19,IE,25.18328566,0,CSC2,-1.104390521,alow
TCGA-BR-8485,TCGA-BR-8485,TCGA-BR-8485,STAD_CIN,STAD,1a3e7ec6-c9be-4174-8799-72267eb8a7bf,68,dadeng60,Female,MSS,III,C1,7.63564116,23,D,9.205378571,0,CSC2,-0.477118641,alow
TCGA-BR-8486,TCGA-BR-8486,TCGA-BR-8486,STAD_CIN,STAD,b8a1c8c7-3945-4d84-8f58-3a1a1eb10730,90,dadeng60,Female,MSS,I,C1,1.389693959,5,F,20.21895651,0,CSC2,-0.548384242,alow
TCGA-BR-8487,TCGA-BR-8487,TCGA-BR-8487,STAD_MSI,STAD,bd2a14e7-bb30-48d0-a585-7fbab767d4cf,64,dadeng60,Female,MSI,II,C1,74.07588041,4,IE,1.117795969,0,CSC1,-0.707228529,alow
TCGA-BR-8588,TCGA-BR-8588,TCGA-BR-8588,STAD_CIN,STAD,ad73529b-92d7-412f-b001-920a61cec313,55,xiao60,Female,MSS,II,C2,2.776601539,5,IE/F,12.78890094,0,CSC2,-0.971112445,alow
TCGA-BR-8589,TCGA-BR-8589,TCGA-BR-8589,STAD_EBV,STAD,a1867d3e-a006-4e04-8118-478792bdca4b,56,xiao60,Male,MSS,III,C2,28.51712778,5,IE,27.12299043,0,CSC1,-0.430680469,alow
TCGA-BR-8590,TCGA-BR-8590,TCGA-BR-8590,STAD_CIN,STAD,d59824bd-816e-4ffc-8aae-1c3eff1f800e,62,dadeng60,Male,MSS,III,C2,3.080339388,8,IE/F,7.331426505,1,CSC2,-0.277234413,alow
TCGA-BR-8591,TCGA-BR-8591,TCGA-BR-8591,STAD_MSI,STAD,0f3e2f16-1c06-4128-af45-ee73de19ea69,79,dadeng60,Male,MSI,III,C2,37.23535613,2,IE,28.14215735,0,CSC2,-0.320613815,alow
TCGA-BR-8592,TCGA-BR-8592,TCGA-BR-8592,STAD_GS,STAD,a4cd4ff1-0c0e-488d-91d9-0ac8ef3e7bfd,63,dadeng60,Female,MSS,III,C3,0.92942797,0,IE/F,6.27938324,0,CSC2,0.203785701,high
TCGA-BR-8676,TCGA-BR-8676,TCGA-BR-8676,,STAD,b604b620-cd32-4c87-ace3-00a68ab16973,59,xiao60,Male,MSS,III,NA,2.114907437,4,IE,7.528684617,0,CSC1,-0.223879446,alow
TCGA-BR-8677,TCGA-BR-8677,TCGA-BR-8677,STAD_CIN,STAD,e7a3574b-1fcf-4366-adf8-f4330d9be6f8,74,dadeng60,Female,MSS,III,C2,1.628587196,3,IE/F,26.72847421,0,CSC2,0.332768491,high
TCGA-BR-8678,TCGA-BR-8678,TCGA-BR-8678,STAD_CIN,STAD,1770adbd-b424-4a88-95f0-768e5f168cee,76,dadeng60,Male,MSS,I,C2,2.901277611,20,D,24.78876944,0,CSC2,-0.323050089,alow
TCGA-BR-8679,TCGA-BR-8679,TCGA-BR-8679,STAD_CIN,STAD,03e3082e-9f8b-4689-9013-0a9954146dfa,63,dadeng60,Female,MSS,I,C2,3.646861167,31,D,0,0,CSC1,-0.277437638,alow
TCGA-BR-8680,TCGA-BR-8680,TCGA-BR-8680,STAD_POLE,STAD,ab76544e-df6a-4b05-9317-054812474d4c,45,xiao60,Male,MSS,IV,C1,153.5510116,2,D,31.95581418,0,CSC1,-0.233877826,alow
TCGA-BR-8682,TCGA-BR-8682,TCGA-BR-8682,STAD_CIN,STAD,d5efcde2-21e6-4071-9aa4-3c5688a45b3f,52,xiao60,Male,MSS,II,C3,1.59058655,10,F,32.58046487,0,CSC2,-0.625161997,alow
TCGA-BR-8683,TCGA-BR-8683,TCGA-BR-8683,STAD_CIN,STAD,84d32a4c-023b-4563-9eb5-e2f47818142a,75,dadeng60,Male,MSS,III,C2,3.612158888,14,F,9.862905612,0,CSC4,0.13799666,high
TCGA-BR-8686,TCGA-BR-8686,TCGA-BR-8686,STAD_EBV,STAD,7c7cef85-024c-48c0-8644-92c034432e8f,69,dadeng60,Male,MSS,III,C3,2.691240042,13,IE/F,20.87648355,0,CSC2,0.424099668,high
TCGA-BR-8687,TCGA-BR-8687,TCGA-BR-8687,STAD_CIN,STAD,621411ee-c1f2-4da4-b1c0-cbe0936060f6,67,dadeng60,Female,MSS,III,C1,4.463664148,15,F,8.21908801,1,CSC2,-0.639209341,alow
TCGA-BR-8690,TCGA-BR-8690,TCGA-BR-8690,,STAD,337819d2-5281-4b41-9583-a476924bc837,54,xiao60,Female,MSS,III,NA,3.705728341,22,IE,10.68481441,0,CSC3,0.911389928,high
TCGA-BR-A44T,TCGA-BR-A44T,TCGA-BR-A44T,STAD_GS,STAD,98BF4652-0088-4ECC-9DFA-376438CB063C,53,xiao60,Female,MSS,II,C2,0.349516114,0,IE,22.42167209,1,CSC3,1.767470778,high
TCGA-BR-A44U,TCGA-BR-A44U,TCGA-BR-A44U,STAD_CIN,STAD,7840D10B-4927-4731-8DDA-5F288DA21BEF,70,dadeng60,Male,MSS,III,C2,2.016918745,11,D,13.87382056,0,CSC3,-0.009777546,high
TCGA-BR-A452,TCGA-BR-A452,TCGA-BR-A452,STAD_CIN,STAD,722A3067-2B68-442F-A333-540AB085AF32,57,xiao60,Male,MSS,III,C1,2.647242028,10,D,7.528684617,0,CSC3,0.299099334,high
TCGA-BR-A453,TCGA-BR-A453,TCGA-BR-A453,STAD_GS,STAD,1A1D4702-254B-4FFF-9609-182442EDB83E,51,xiao60,Male,MSS,IV,C1,1.323474093,0,F,6.082125127,0,CSC2,0.639574191,high
TCGA-BR-A4CR,TCGA-BR-A4CR,TCGA-BR-A4CR,STAD_CIN,STAD,794FBAD5-93CE-4F9A-AEE4-37A89A6719EC,70,dadeng60,Female,MSS,III,C1,1.394151019,20,D,0,0,CSC2,-0.974316171,alow
TCGA-BR-A4CS,TCGA-BR-A4CS,TCGA-BR-A4CS,STAD_CIN,STAD,2A790F24-3563-4A7E-B445-56B71C70E685,77,dadeng60,Male,MSS,III,C2,3.66126598,23,F,1.479435842,0,CSC3,1.488092917,high
TCGA-BR-A4IU,TCGA-BR-A4IU,TCGA-BR-A4IU,STAD_GS,STAD,AF59B21E-2805-4C0B-8AAD-C99B26C79EE1,34,xiao60,Female,MSS,III,C3,0.734250921,3,IE/F,27.55038301,0,CSC2,0.331258582,high
TCGA-BR-A4IV,TCGA-BR-A4IV,TCGA-BR-A4IV,STAD_GS,STAD,30425882-20D7-47ED-9630-60977BA62C72,47,xiao60,Male,MSS,III,C3,0.501963178,0,F,24.22987145,1,CSC2,0.477158088,high
TCGA-BR-A4IY,TCGA-BR-A4IY,TCGA-BR-A4IY,STAD_CIN,STAD,98C56F92-547B-473D-9FE0-2135DD5A96A8,58,xiao60,Male,MSS,II,C2,3.662064345,7,IE,12.88753,0,CSC3,0.488738464,high
TCGA-BR-A4IZ,TCGA-BR-A4IZ,TCGA-BR-A4IZ,STAD_GS,STAD,CADC555E-E350-40CF-8674-3536942F3E02,45,xiao60,Female,MSS,III,C1,0.511319993,0,F,8.975244107,0,CSC4,0.640122788,high
TCGA-BR-A4J1,TCGA-BR-A4J1,TCGA-BR-A4J1,STAD_CIN,STAD,E9A98A44-83F2-490C-B053-1E953EBD4E7E,63,dadeng60,Male,MSS,III,C1,1.566816598,26,D,0.723279745,0,CSC1,-0.846900658,alow
TCGA-BR-A4J2,TCGA-BR-A4J2,TCGA-BR-A4J2,STAD_GS,STAD,12F63577-7FAE-4FC8-9106-39729669FDFE,70,dadeng60,Male,MSS,II,C3,1.106180715,0,IE/F,14.16970773,0,CSC4,0.942954917,high
TCGA-BR-A4J4,TCGA-BR-A4J4,TCGA-BR-A4J4,STAD_EBV,STAD,8A24F1A3-4BAB-4591-9676-7BEE01D096C1,39,xiao60,Male,MSS,III,C1,2.178911973,9,IE,0.526021633,0,CSC2,-0.528477065,alow
TCGA-BR-A4J5,TCGA-BR-A4J5,TCGA-BR-A4J5,STAD_GS,STAD,5A12857B-4132-4089-A7B7-E706366102DB,56,xiao60,Male,MSS,III,C1,2.174274603,2,F,28.33941546,0,CSC4,0.220478513,high
TCGA-BR-A4J6,TCGA-BR-A4J6,TCGA-BR-A4J6,STAD_CIN,STAD,0F344863-11CC-4FAE-8386-8247DFF59DE4,69,dadeng60,Female,MSS,II,C1,0.797884412,4,IE/F,0.657527041,0,CSC3,1.136203103,high
TCGA-BR-A4J7,TCGA-BR-A4J7,TCGA-BR-A4J7,STAD_CIN,STAD,394F390A-563C-447C-8CAE-CD7D0D7E689F,49,xiao60,Male,MSS,II,C3,1.078387896,14,IE/F,32.51471217,0,CSC3,1.358510405,high
TCGA-BR-A4J8,TCGA-BR-A4J8,TCGA-BR-A4J8,STAD_CIN,STAD,1EB2038D-3B4F-4DA2-964B-E629EA068215,71,dadeng60,Female,MSS,III,C1,1.946947854,27,D,13.51218069,0,CSC4,0.955220974,high
TCGA-BR-A4J9,TCGA-BR-A4J9,TCGA-BR-A4J9,STAD_GS,STAD,5034CC97-9EEC-42FE-ACF9-CDC5A10E6547,55,xiao60,Male,MSS,II,C3,1.08494286,0,IE/F,0.460268929,0,CSC2,0.85886876,high
TCGA-BR-A4PD,TCGA-BR-A4PD,TCGA-BR-A4PD,STAD_CIN,STAD,DA2E8310-F54A-477E-A1FB-3F5542452780,72,dadeng60,Female,MSS,II,C2,3.794885037,11,IE,20.64634908,0,CSC4,0.250977372,high
TCGA-BR-A4PE,TCGA-BR-A4PE,TCGA-BR-A4PE,STAD_CIN,STAD,FCE4E670-84BE-4592-AE6C-2B7A59218110,68,dadeng60,Female,MSS,I,C2,5.250154681,19,F,20.41621462,0,CSC3,-0.363009152,alow
TCGA-BR-A4PF,TCGA-BR-A4PF,TCGA-BR-A4PF,STAD_CIN,STAD,0F6B5086-4BC0-4CE3-84E7-EF8EA0356D1C,72,dadeng60,Male,MSS,III,C2,2.781607124,23,D,1.150672321,0,CSC1,-1.579236552,alow
TCGA-BR-A4QI,TCGA-BR-A4QI,TCGA-BR-A4QI,STAD_CIN,STAD,8BB9CFD8-7012-41B1-8AA1-B6592B0C0D43,70,dadeng60,Female,MSS,II,C2,2.858259304,17,IE,12.59164283,1,CSC3,0.271423969,high
TCGA-BR-A4QL,TCGA-BR-A4QL,TCGA-BR-A4QL,,STAD,AA2C5D29-2764-4804-9181-5870C0956904,75,dadeng60,Female,MSI,III,NA,48.24727118,2,IE,16.14228885,0,CSC1,-0.201857102,alow
TCGA-BR-A4QM,TCGA-BR-A4QM,TCGA-BR-A4QM,,STAD,0E99C305-C69F-4FB4-84D6-29CAC1CC9D39,65,dadeng60,Male,MSS,III,NA,2.53221514,1,IE,4.175296709,1,CSC1,-0.573266964,alow
TCGA-CD-5798,TCGA-CD-5798,TCGA-CD-5798,STAD_GS,STAD,e42f45c6-fd00-44cf-a210-c8803da326a1,82,dadeng60,Male,MSS,II,C1,2.201318338,1,F,13.41355163,0,CSC3,0.910109554,high
TCGA-CD-5799,TCGA-CD-5799,TCGA-CD-5799,STAD_CIN,STAD,c991697f-77f9-412a-9bd1-0e47f7387cb2,45,xiao60,Male,MSS,II,C1,0.803537678,23,F,13.01903541,0,CSC3,-0.104084421,high
TCGA-CD-5800,TCGA-CD-5800,TCGA-CD-5800,STAD_CIN,STAD,eeb114ea-ecee-49ee-a162-b3b7bc0a60cd,51,xiao60,Female,MSS,II,C2,4.151686243,16,D,13.15054082,0,CSC3,0.331587365,high
TCGA-CD-5801,TCGA-CD-5801,TCGA-CD-5801,STAD_EBV,STAD,df822ea3-e0e6-4ad3-a228-e20e3a737dac,69,dadeng60,Male,MSS,III,C2,9.700939384,29,IE,13.18341717,1,CSC3,0.667489333,high
TCGA-CD-5803,TCGA-CD-5803,TCGA-CD-5803,STAD_CIN,STAD,33901c6f-9180-4a19-866c-f4ac6bec76da,78,dadeng60,Female,MSS,II,C2,0.879824714,11,IE/F,9.862905612,1,CSC4,1.263154706,high
TCGA-CD-5804,TCGA-CD-5804,TCGA-CD-5804,STAD_CIN,STAD,9fa752b7-9873-4bad-9eba-8cc113705fed,90,dadeng60,Male,MSS,NA,C2,1.924728453,11,F,12.09849755,0,CSC4,0.19775731,high
TCGA-CD-5813,TCGA-CD-5813,TCGA-CD-5813,,STAD,152b9d8a-19fd-4665-b9e4-4fedfb1608cd,60,dadeng60,Male,MSS,II,C3,4.105893737,NA,IE/F,10.35605089,1,CSC4,1.173420339,high
TCGA-CD-8524,TCGA-CD-8524,TCGA-CD-8524,STAD_CIN,STAD,315b8de8-9842-4738-b23b-1d61722f9583,61,dadeng60,Female,MSS,II,C2,4.036081097,15,IE/F,2.268468291,1,CSC3,1.277808314,high
TCGA-CD-8525,TCGA-CD-8525,TCGA-CD-8525,,STAD,39acb803-f282-422e-ac56-a3a50693d203,82,dadeng60,Female,MSS,III,NA,2.085787362,17,IE,12.59164283,0,CSC3,1.035630903,high
TCGA-CD-8526,TCGA-CD-8526,TCGA-CD-8526,STAD_CIN,STAD,6a9b3d65-ae15-4e3c-84ed-468e2196372b,73,dadeng60,Female,MSS,III,C2,1.436055286,21,D,12.52589013,0,CSC2,0.626289315,high
TCGA-CD-8527,TCGA-CD-8527,TCGA-CD-8527,,STAD,1b98b2da-c5bf-422f-bb73-1190841fbec4,72,dadeng60,Female,MSS,II,NA,5.823118711,16,IE,5.227339974,1,CSC3,1.224585091,high
TCGA-CD-8528,TCGA-CD-8528,TCGA-CD-8528,STAD_CIN,STAD,1a1f2197-e303-46e4-8871-53f2eb2e599a,43,xiao60,Female,MSS,III,C4,2.651972273,21,D,12.32863202,0,CSC1,-1.36778624,alow
TCGA-CD-8529,TCGA-CD-8529,TCGA-CD-8529,STAD_POLE,STAD,5b7e557a-6aee-4077-b3cd-c96179e643ae,65,dadeng60,Male,MSS,IV,C2,10.10535458,0,IE/F,12.29575566,0,CSC4,0.222440632,high
TCGA-CD-8530,TCGA-CD-8530,TCGA-CD-8530,STAD_CIN,STAD,0a11e958-7ec0-493c-bd7a-eb17536facd7,51,xiao60,Male,MSS,II,C1,2.078361268,24,F,12.39438472,0,CSC2,0.175328456,high
TCGA-CD-8531,TCGA-CD-8531,TCGA-CD-8531,STAD_GS,STAD,efe8b105-b170-4679-8b97-c1142fefe069,66,dadeng60,Female,MSS,III,C2,6.759517491,1,IE,12.59164283,0,CSC1,0.343584454,high
TCGA-CD-8532,TCGA-CD-8532,TCGA-CD-8532,STAD_CIN,STAD,8e0f35e8-cd02-4d8b-9145-597cc65eac13,52,xiao60,Male,MSS,II,C2,0.846645882,10,IE,9.271131275,1,CSC2,0.133831548,high
TCGA-CD-8533,TCGA-CD-8533,TCGA-CD-8533,,STAD,c1cf00be-1a34-49aa-b1ab-6b2e26832c19,48,xiao60,Male,MSS,II,NA,2.703673452,16,D,7.430055561,1,CSC3,0.104190623,high
TCGA-CD-8534,TCGA-CD-8534,TCGA-CD-8534,STAD_GS,STAD,65232ec1-4614-49bd-a3cf-d901d4f9556a,41,xiao60,Male,MSS,II,C2,1.501298049,10,IE/F,6.60814676,1,CSC3,0.291148543,high
TCGA-CD-8535,TCGA-CD-8535,TCGA-CD-8535,STAD_CIN,STAD,569dd23a-d0d7-409c-bc83-7340512f4195,59,xiao60,Male,MSS,III,C4,6.818970796,21,D,12.8217773,0,CSC2,-0.201763212,alow
TCGA-CD-8536,TCGA-CD-8536,TCGA-CD-8536,STAD_MSI,STAD,b2f6d8f3-3182-4e5e-be20-8470cfb832c5,74,dadeng60,Male,MSI,II,C1,22.78071342,4,IE/F,12.42726107,0,CSC1,-0.131457537,high
TCGA-CD-A486,TCGA-CD-A486,TCGA-CD-A486,STAD_CIN,STAD,C63AE423-C90A-4CF4-AA42-653BB8FA3E69,68,dadeng60,Male,MSS,II,C2,2.455127256,21,F,2.597231811,1,CSC2,-0.368765358,alow
TCGA-CD-A487,TCGA-CD-A487,TCGA-CD-A487,STAD_CIN,STAD,B7D2401E-7D64-4C89-A74C-16D634CAFE7F,51,xiao60,Male,NA,II,C2,4.610952508,13,NA,12.29575566,0,CSC3,0.729373179,high
TCGA-CD-A489,TCGA-CD-A489,TCGA-CD-A489,STAD_CIN,STAD,7F056FC5-3848-4884-9644-95B8B6ED9642,58,xiao60,Male,MSS,II,C1,1.848910606,13,IE/F,9.106749515,1,CSC3,1.749397949,high
TCGA-CD-A48A,TCGA-CD-A48A,TCGA-CD-A48A,STAD_CIN,STAD,A6635058-4498-463C-9BBC-1009DDA3308C,57,xiao60,Male,MSS,II,C2,6.084590049,17,D,12.42726107,0,CSC3,0.354074476,high
TCGA-CD-A48C,TCGA-CD-A48C,TCGA-CD-A48C,STAD_CIN,STAD,EC02B33C-8094-45E8-B679-B14DBE75D66F,79,dadeng60,Female,MSS,II,C1,5.273581941,23,D,7.561560969,1,CSC3,0.396473047,high
TCGA-CD-A4MG,TCGA-CD-A4MG,TCGA-CD-A4MG,STAD_MSI,STAD,028632ED-D75A-49BB-B579-41962BA502FE,76,dadeng60,Male,MSI,II,C1,60.22080329,8,F,2.432850051,1,CSC1,-0.317086626,alow
TCGA-CD-A4MH,TCGA-CD-A4MH,TCGA-CD-A4MH,STAD_CIN,STAD,23451AB5-A32B-4EEC-9B8B-FD282282A0D4,86,dadeng60,Female,MSS,II,C1,1.881865461,26,D,12.19712661,0,CSC3,0.353998697,high
TCGA-CD-A4MI,TCGA-CD-A4MI,TCGA-CD-A4MI,STAD_MSI,STAD,CDA6D95C-BE6A-485E-BA9A-C57F3EB3F99A,62,dadeng60,Male,MSI,III,C2,25.45324859,2,IE/F,8.909491403,1,CSC3,1.004241023,high
TCGA-CD-A4MJ,TCGA-CD-A4MJ,TCGA-CD-A4MJ,STAD_MSI,STAD,287059FB-4E69-4D6D-99D5-91EC92D35BDE,60,dadeng60,Male,MSI,I,C2,17.70223515,2,D,2.268468291,1,CSC1,-0.5176506,alow
TCGA-CG-4301,TCGA-CG-4301,TCGA-CG-4301,STAD_CIN,STAD,7e13fe2a-3d6e-487f-900d-f5891d986aa2,75,dadeng60,Female,MSS,IV,C2,1.280968207,7,F,3.024624388,0,CSC4,0.260267905,high
TCGA-CG-4304,TCGA-CG-4304,TCGA-CG-4304,STAD_CIN,STAD,8e005891-d6fe-4fee-a699-971fee4e70f1,84,dadeng60,Male,MSS,I,C6,1.454929841,5,F,NA,0,CSC4,0.276367914,high
TCGA-CG-4305,TCGA-CG-4305,TCGA-CG-4305,STAD_MSI,STAD,e0e35051-fbb4-4389-aedb-87bde84d21ad,69,dadeng60,Male,MSI,II,C2,30.05638699,8,IE,15.02449288,1,CSC4,-0.442772733,alow
TCGA-CG-4306,TCGA-CG-4306,TCGA-CG-4306,STAD_MSI,STAD,73d177f7-8c0a-42f6-a73d-8073c0e6142b,90,dadeng60,Male,MSI,IV,C2,28.05723053,0,F,1.019166913,0,CSC2,-0.591380439,alow
TCGA-CG-4436,TCGA-CG-4436,TCGA-CG-4436,STAD_CIN,STAD,7938ca55-766e-4277-9e7e-603ffa02e570,57,xiao60,Male,MSS,I,C2,4.179204159,15,F,7.988953546,0,CSC1,-1.683291761,alow
TCGA-CG-4437,TCGA-CG-4437,TCGA-CG-4437,STAD_POLE,STAD,6244e506-d163-4d34-8fec-6158191679cb,83,dadeng60,Male,MSS,II,C2,13.09360961,8,IE,8.05470625,0,CSC3,1.109468015,high
TCGA-CG-4438,TCGA-CG-4438,TCGA-CG-4438,STAD_CIN,STAD,0246823f-99f4-4a46-b2b1-27f81179584c,56,xiao60,Male,MSS,IV,C2,3.451830279,20,IE,54.08159911,0,CSC4,0.427252757,high
TCGA-CG-4440,TCGA-CG-4440,TCGA-CG-4440,STAD_CIN,STAD,8ca597db-ac21-43d1-9329-586b2eaf6982,68,dadeng60,Female,MSS,IV,C2,3.28868462,16,D,4.010914949,0,CSC2,-1.437049683,alow
TCGA-CG-4441,TCGA-CG-4441,TCGA-CG-4441,STAD_GS,STAD,37e22429-efd7-4d6a-b79a-9d8c7be2170c,83,dadeng60,Male,MSS,III,C1,2.571039521,4,F,14.00532597,0,CSC2,-1.21725716,alow
TCGA-CG-4442,TCGA-CG-4442,TCGA-CG-4442,STAD_MSI,STAD,8fccff71-3710-4cb9-b8af-61707aebe5d8,85,dadeng60,Male,MSI,I,C1,36.39357823,2,D,0,0,CSC2,-0.362127277,alow
TCGA-CG-4443,TCGA-CG-4443,TCGA-CG-4443,STAD_CIN,STAD,8cb0144b-be6b-40a1-86a2-708f96d9b615,68,dadeng60,Male,MSS,I,C4,2.196173651,4,D,29.98323306,0,CSC2,-0.790613963,alow
TCGA-CG-4444,TCGA-CG-4444,TCGA-CG-4444,STAD_CIN,STAD,5c087d33-0bd3-407d-8350-fabba6aec597,76,dadeng60,Male,MSS,III,C2,4.008143377,18,F,47.04605977,0,CSC2,-0.382464873,alow
TCGA-CG-4449,TCGA-CG-4449,TCGA-CG-4449,STAD_CIN,STAD,10b5774d-7079-4b4b-b824-f4745f5598c7,81,dadeng60,Male,MSS,II,C1,2.312964549,9,F,11.04645429,1,CSC4,0.862074615,high
TCGA-CG-4462,TCGA-CG-4462,TCGA-CG-4462,STAD_GS,STAD,e9ea3687-0db3-47f3-8099-b4fc054397f1,72,dadeng60,Female,MSS,IV,C6,1.520043375,4,F,0,1,CSC4,0.763951589,high
TCGA-CG-4465,TCGA-CG-4465,TCGA-CG-4465,STAD_MSI,STAD,c9ab5bf4-092a-420f-9b90-87deea58104c,69,dadeng60,Female,MSI,IV,C2,16.19157876,0,F,9.008120459,0,CSC2,-1.379103766,alow
TCGA-CG-4466,TCGA-CG-4466,TCGA-CG-4466,STAD_CIN,STAD,2f1b96b2-7031-4f7d-9490-14728d320f3e,81,dadeng60,Female,MSS,I,C1,4.882235255,16,D,18.96965513,0,CSC2,-1.259457418,alow
TCGA-CG-4469,TCGA-CG-4469,TCGA-CG-4469,STAD_CIN,STAD,2ac986f6-cd6f-4ca5-90cc-7a105cfe85ea,70,dadeng60,Male,MSS,IV,C4,7.675253847,11,F,7.068415689,0,CSC2,0.074038181,high
TCGA-CG-4474,TCGA-CG-4474,TCGA-CG-4474,STAD_GS,STAD,39dd61a8-cd17-4df3-ae17-61e239eb00bd,67,dadeng60,Female,MSS,IV,C2,2.2244797,6,F,0,0,CSC2,-0.839751433,alow
TCGA-CG-4475,TCGA-CG-4475,TCGA-CG-4475,STAD_CIN,STAD,cad2adc1-0f41-4651-9c80-ae9961e2dc8d,76,dadeng60,Male,NA,II,C4,1.264964637,15,NA,22.98057008,0,CSC4,0.120730684,high
TCGA-CG-4476,TCGA-CG-4476,TCGA-CG-4476,STAD_CIN,STAD,442d7415-d095-4962-8296-a14390bad40a,69,dadeng60,Male,MSS,III,C2,3.175065473,18,F,0,0,CSC4,-0.226899694,alow
TCGA-CG-4477,TCGA-CG-4477,TCGA-CG-4477,STAD_CIN,STAD,18d0aae7-9694-4252-b8fe-16e62dadab07,58,xiao60,Female,MSS,I,C2,3.023981742,7,IE,11.9998685,1,CSC4,0.039858396,high
TCGA-CG-5717,TCGA-CG-5717,TCGA-CG-5717,STAD_GS,STAD,bdc3899e-15ae-421f-829b-0e07fbd27c60,58,xiao60,Male,MSS,II,C2,2.563552751,4,IE/F,3.945162245,1,CSC2,0.3458892,high
TCGA-CG-5718,TCGA-CG-5718,TCGA-CG-5718,STAD_CIN,STAD,d5c58161-05ed-4472-81ed-176216f49929,78,dadeng60,Female,MSS,II,C2,2.112523232,11,F,35.99960548,0,CSC3,0.475330986,high
TCGA-CG-5719,TCGA-CG-5719,TCGA-CG-5719,STAD_CIN,STAD,263f67e0-0a28-42e6-b3f3-1ddd0d397220,54,xiao60,Female,MSS,IV,C1,1.558079216,11,F,1.019166913,0,CSC4,0.947385677,high
TCGA-CG-5720,TCGA-CG-5720,TCGA-CG-5720,STAD_CIN,STAD,7c9ea4fa-4cbc-4941-945a-e531e1d48304,71,dadeng60,Male,MSS,I,C1,1.750276364,0,F,0.986290561,0,CSC1,-1.090664813,alow
TCGA-CG-5721,TCGA-CG-5721,TCGA-CG-5721,STAD_MSI,STAD,588abaea-ab16-42f4-9457-5901ee791b5f,58,xiao60,Male,MSI,IV,C2,102.9468106,0,IE,6.016372423,0,CSC2,0.039590544,high
TCGA-CG-5722,TCGA-CG-5722,TCGA-CG-5722,STAD_EBV,STAD,f35e8fef-f61d-4614-b73f-f7e1d0f21f52,67,dadeng60,Female,MSS,IV,C2,2.055319236,17,IE,0.986290561,0,CSC3,0.663198942,high
TCGA-CG-5723,TCGA-CG-5723,TCGA-CG-5723,STAD_MSI,STAD,0f00ad32-e4be-49d4-a02a-d233bfc913c5,83,dadeng60,Male,MSI,II,C2,44.46174152,0,IE,105.0728211,0,CSC2,0.336360039,high
TCGA-CG-5724,TCGA-CG-5724,TCGA-CG-5724,STAD_CIN,STAD,0b4e8d73-459d-4930-9d1a-abb8d53e1844,59,xiao60,Male,MSS,IV,C2,2.583328935,15,F,4.010914949,1,CSC3,0.316887957,high
TCGA-CG-5725,TCGA-CG-5725,TCGA-CG-5725,,STAD,129d95ca-71ef-44aa-a93d-f87803c37c9a,72,dadeng60,Male,MSS,I,NA,2.541407432,8,D,5.030081862,1,CSC3,-0.002614099,high
TCGA-CG-5726,TCGA-CG-5726,TCGA-CG-5726,STAD_MSI,STAD,863ad936-e2a0-471c-8d95-3a548bb94afa,73,dadeng60,Male,MSI,I,C1,31.83475062,6,D,28.96406615,0,CSC1,-0.969176497,alow
TCGA-CG-5732,TCGA-CG-5732,TCGA-CG-5732,STAD_CIN,STAD,e62d5f3c-0a99-4932-a589-bff4fa02b1d3,66,dadeng60,Male,MSS,IV,C2,1.241616526,7,IE,64.07601013,1,CSC2,-0.5426421,alow
TCGA-CG-5734,TCGA-CG-5734,TCGA-CG-5734,STAD_CIN,STAD,2a227292-c73d-45fc-ab68-cdfaf7aef9e7,68,dadeng60,Male,MSS,III,C2,1.927248276,19,IE/F,7.988953546,0,CSC3,-0.073854311,high
TCGA-D7-5577,TCGA-D7-5577,TCGA-D7-5577,STAD_EBV,STAD,2dc154aa-c478-404b-a92e-86abcc8dbdb7,53,xiao60,Female,MSS,III,C2,3.014340726,4,IE,12.36150837,1,CSC3,0.307177736,high
TCGA-D7-5578,TCGA-D7-5578,TCGA-D7-5578,STAD_CIN,STAD,a3c1f9a2-9174-48cf-81dc-2afcfdc4ba9c,80,dadeng60,Male,MSS,III,C1,5.269176754,3,F,12.65739554,0,CSC2,-0.799183322,alow
TCGA-D7-6518,TCGA-D7-6518,TCGA-D7-6518,STAD_CIN,STAD,40e507fb-e285-424b-a98b-362e47a53e4a,75,dadeng60,Male,MSS,III,C1,1.952549094,12,F,19.13403689,0,CSC4,1.112475702,high
TCGA-D7-6519,TCGA-D7-6519,TCGA-D7-6519,STAD_CIN,STAD,e37cae9e-0656-4b89-b326-739a5cc859e0,64,dadeng60,Female,MSS,III,C2,1.371598057,27,D,14.10395503,1,CSC3,0.779169068,high
TCGA-D7-6520,TCGA-D7-6520,TCGA-D7-6520,STAD_CIN,STAD,3c573af6-6298-49de-8de0-6a7f9ce9b000,53,xiao60,Male,MSS,III,C2,1.45134515,11,F,1.512312194,1,CSC3,1.251347998,high
TCGA-D7-6521,TCGA-D7-6521,TCGA-D7-6521,STAD_CIN,STAD,6de6b8e2-03eb-4f32-b5a3-bea73fc632b4,65,dadeng60,Male,MSS,III,C1,1.959301624,30,F,6.312259592,1,CSC4,0.626934178,high
TCGA-D7-6522,TCGA-D7-6522,TCGA-D7-6522,STAD_GS,STAD,8bb3facb-1933-4350-9f78-74537559e000,58,xiao60,Male,MSS,I,C3,1.08287988,0,IE/F,18.60801526,0,CSC4,0.449707255,high
TCGA-D7-6524,TCGA-D7-6524,TCGA-D7-6524,STAD_GS,STAD,7ef3f065-1928-4a58-b5a6-76dddb8488cf,53,xiao60,Male,MSS,II,C1,2.489739272,3,F,17.85185916,1,CSC4,0.04654909,high
TCGA-D7-6525,TCGA-D7-6525,TCGA-D7-6525,STAD_CIN,STAD,82f9a197-040d-4c5e-89d9-d87a7aa0168d,58,xiao60,Male,MSS,III,C2,4.057739848,8,F,5.621856199,1,CSC3,1.244665882,high
TCGA-D7-6526,TCGA-D7-6526,TCGA-D7-6526,STAD_CIN,STAD,a28e57e2-9071-4558-856a-162f7a837380,67,dadeng60,Female,MSS,III,C2,5.0010665,20,D,17.19433212,0,CSC1,-0.339767356,alow
TCGA-D7-6527,TCGA-D7-6527,TCGA-D7-6527,STAD_CIN,STAD,cb622cd6-776d-4681-8a67-4addd61c66b8,62,dadeng60,Male,MSS,II,C1,5.563253394,25,F,2.465726403,1,CSC3,0.404997593,high
TCGA-D7-6528,TCGA-D7-6528,TCGA-D7-6528,STAD_POLE,STAD,35496e4e-598f-4ffc-b11e-8edaeb676079,70,dadeng60,Female,MSS,I,C2,8.356957488,20,D,15.221751,0,CSC3,-0.279567911,alow
TCGA-D7-6815,TCGA-D7-6815,TCGA-D7-6815,STAD_CIN,STAD,53086e20-a727-40d6-b42d-8030109b5130,70,dadeng60,Female,MSS,II,C1,3.030982093,4,F,15.97790709,0,CSC2,-0.995904669,alow
TCGA-D7-6817,TCGA-D7-6817,TCGA-D7-6817,STAD_CIN,STAD,6ffefb3f-3919-4fef-ab15-5d32d8f51d57,63,dadeng60,Male,MSS,III,C2,1.939005613,19,D,12.78890094,0,CSC2,-0.981820153,alow
TCGA-D7-6818,TCGA-D7-6818,TCGA-D7-6818,STAD_CIN,STAD,aa2934f9-8783-428e-88a6-1d04b93fa1fd,53,xiao60,Male,MSS,III,C1,4.004500716,13,F,8.120458954,1,CSC4,0.606893095,high
TCGA-D7-6820,TCGA-D7-6820,TCGA-D7-6820,STAD_CIN,STAD,1142251c-28eb-48bf-9c54-7126d4557605,64,dadeng60,Male,MSS,II,C1,2.013177223,16,F,11.3094651,0,CSC2,-0.617307543,alow
TCGA-D7-6822,TCGA-D7-6822,TCGA-D7-6822,STAD_CIN,STAD,e2aaabd9-f4ba-4763-a28a-c14d46a4bc5d,77,dadeng60,Male,MSS,I,C2,6.485603856,14,D,12.32863202,0,CSC4,0.272645535,high
TCGA-D7-8570,TCGA-D7-8570,TCGA-D7-8570,STAD_EBV,STAD,1e1cdf72-820f-48a4-8fb6-89575d07cde9,44,xiao60,Male,MSS,III,C2,2.778348477,8,IE,24.72301673,0,CSC2,-0.082331303,high
TCGA-D7-8572,TCGA-D7-8572,TCGA-D7-8572,STAD_GS,STAD,8097fddc-c7b9-4192-89d7-6bcceb7465b5,57,xiao60,Male,MSS,II,C1,4.369152533,0,F,16.79981589,0,CSC2,-0.4600951,alow
TCGA-D7-8573,TCGA-D7-8573,TCGA-D7-8573,STAD_EBV,STAD,e4344668-5a50-4dde-8eec-f4d7f01f99fd,57,xiao60,Male,MSS,II,C1,1.966214449,9,D,19.49567676,0,CSC1,-0.987413089,alow
TCGA-D7-8574,TCGA-D7-8574,TCGA-D7-8574,STAD_GS,STAD,a873475c-b2c7-4c84-bd89-5b9ee6060ce1,72,dadeng60,Male,MSS,III,C3,0.906752312,1,IE/F,17.19433212,0,CSC3,0.655112563,high
TCGA-D7-8575,TCGA-D7-8575,TCGA-D7-8575,STAD_CIN,STAD,00ee3098-1b32-4e7a-81ea-993773587c41,75,dadeng60,Male,MSS,III,C3,1.347950302,9,F,14.03820232,1,CSC4,0.893335863,high
TCGA-D7-8576,TCGA-D7-8576,TCGA-D7-8576,STAD_CIN,STAD,ec8268c7-943d-451a-9036-f0196078b6c5,54,xiao60,Female,MSS,III,C2,1.231667617,14,D,6.706775816,1,CSC2,-0.28321491,alow
TCGA-D7-8578,TCGA-D7-8578,TCGA-D7-8578,STAD_CIN,STAD,50279b37-828d-4e18-b41f-f793c3923e75,72,dadeng60,Male,MSS,I,C1,1.371549709,12,F,14.82723477,1,CSC4,0.318201083,high
TCGA-D7-8579,TCGA-D7-8579,TCGA-D7-8579,STAD_GS,STAD,81a7f6a2-e44c-43d6-b687-01158eaf44ee,66,dadeng60,Female,MSS,II,C3,2.730540222,2,F,20.9093599,0,CSC2,-0.470357896,alow
TCGA-D7-A4YT,TCGA-D7-A4YT,TCGA-D7-A4YT,STAD_CIN,STAD,6D5DF29C-F2CC-43CE-8D2F-DF1DA313AD52,56,xiao60,Male,MSS,III,C1,7.036681184,3,D,14.26833679,0,CSC2,-0.377703765,alow
TCGA-D7-A4YU,TCGA-D7-A4YU,TCGA-D7-A4YU,STAD_CIN,STAD,32B44138-64E2-4BBF-AA2F-93A3B07EC670,73,dadeng60,Male,MSS,III,C2,6.065557925,29,IE,16.43817602,0,CSC3,1.126037072,high
TCGA-D7-A4YV,TCGA-D7-A4YV,TCGA-D7-A4YV,STAD_MSI,STAD,47FD3741-28EA-427B-9C2A-8CB39153C8AB,69,dadeng60,Female,MSI,II,C2,22.58618909,6,IE,5.917743367,0,CSC1,-0.079607946,high
TCGA-D7-A4YX,TCGA-D7-A4YX,TCGA-D7-A4YX,STAD_EBV,STAD,2B4F014F-74E9-4DDA-A1AD-ABCBD124FC44,63,dadeng60,Male,MSS,II,C2,1.963726332,7,IE,36.42699806,0,CSC1,-0.486638444,alow
TCGA-D7-A4YY,TCGA-D7-A4YY,TCGA-D7-A4YY,STAD_MSI,STAD,17F63789-2EE3-4CD9-9273-5FA73662DB39,61,dadeng60,Male,MSI,III,C2,11.04129715,2,IE,13.77519151,0,CSC1,-0.521269417,alow
TCGA-D7-A4Z0,TCGA-D7-A4Z0,TCGA-D7-A4Z0,STAD_GS,STAD,DCE21359-004F-4E8B-89E4-9E1A30FAFFDF,60,dadeng60,Female,MSS,II,C3,7.841791878,4,F,14.76148207,0,CSC2,-0.766265354,alow
TCGA-D7-A6EV,TCGA-D7-A6EV,TCGA-D7-A6EV,STAD_CIN,STAD,72B10481-7B16-469F-B133-464609569ADF,71,dadeng60,Female,MSS,II,C1,4.05718315,22,D,11.2437124,0,CSC1,-0.764804192,alow
TCGA-D7-A6EX,TCGA-D7-A6EX,TCGA-D7-A6EX,STAD_CIN,STAD,1B391187-1D9A-4428-BA9A-EF1800F17D3E,72,dadeng60,Female,MSS,III,C1,3.128041527,25,D,11.3094651,0,CSC3,1.758960518,high
TCGA-D7-A6EY,TCGA-D7-A6EY,TCGA-D7-A6EY,STAD_MSI,STAD,73BD696B-0F35-4F70-8888-8153B1BA9EE4,72,dadeng60,Female,MSI,III,C2,35.50475431,2,IE,11.44097051,1,CSC2,-0.534245459,alow
TCGA-D7-A6EZ,TCGA-D7-A6EZ,TCGA-D7-A6EZ,STAD_EBV,STAD,263B18E1-5722-4650-B16B-DAC1961A3AF8,66,dadeng60,Male,MSS,III,C2,6.761181103,3,IE,20.31758556,1,CSC3,-0.015157711,high
TCGA-D7-A6F0,TCGA-D7-A6F0,TCGA-D7-A6F0,STAD_CIN,STAD,B1FEE7AF-8030-4D93-94AC-6294683D4298,79,dadeng60,Female,MSS,I,C1,3.034120593,20,IE,22.29016668,0,CSC3,0.152327211,high
TCGA-D7-A6F2,TCGA-D7-A6F2,TCGA-D7-A6F2,STAD_CIN,STAD,F4B1E633-38E6-4CC6-A0C6-911582D4066B,62,dadeng60,Male,MSS,I,C3,1.737297287,23,IE,15.64914357,0,CSC3,-0.614214939,alow
TCGA-D7-A747,TCGA-D7-A747,TCGA-D7-A747,STAD_CIN,STAD,37F93D19-C78F-4FBC-AFFB-5A2CCC84BE1B,57,xiao60,Male,MSS,II,C2,2.638670699,10,IE/F,8.38346977,1,CSC2,0.547861074,high
TCGA-D7-A748,TCGA-D7-A748,TCGA-D7-A748,STAD_GS,STAD,BF0F1735-F94D-4B82-8F91-2FD2BAC80E32,41,xiao60,Female,MSS,IV,C6,1.014181811,2,F,3.254758852,1,CSC4,1.038065421,high
TCGA-D7-A74A,TCGA-D7-A74A,TCGA-D7-A74A,STAD_CIN,STAD,40837A4D-7931-497C-A6BF-6A661813C443,61,dadeng60,Female,MSS,III,C1,3.345947929,23,IE,19.95594569,0,CSC3,0.753451846,high
TCGA-EQ-8122,TCGA-EQ-8122,TCGA-EQ-8122,STAD_CIN,STAD,4e921bc8-df5d-4f54-93d1-d5a433f91bdb,71,dadeng60,Female,MSS,II,C2,4.391663349,23,F,7.988953546,0,CSC3,-0.076315492,high
TCGA-EQ-A4SO,TCGA-EQ-A4SO,TCGA-EQ-A4SO,STAD_CIN,STAD,FE1AD544-3189-4495-86BE-0C68F3234238,70,dadeng60,Male,NA,III,C1,4.51395929,7,NA,16.24091791,0,CSC1,-0.61548483,alow
TCGA-F1-6177,TCGA-F1-6177,TCGA-F1-6177,STAD_MSI,STAD,c3cba26e-38c2-4569-afd6-6b045e604808,90,dadeng60,Male,MSI,I,C2,33.96061857,4,F,6.575270408,0,CSC1,-0.874927572,alow
TCGA-F1-6874,TCGA-F1-6874,TCGA-F1-6874,STAD_MSI,STAD,106f3344-f699-4b2c-8f62-4ac6c948dde4,79,dadeng60,Male,MSI,I,C1,23.35049571,4,F,14.4655949,0,CSC2,-1.1245428,alow
TCGA-F1-6875,TCGA-F1-6875,TCGA-F1-6875,STAD_CIN,STAD,283776cd-32e8-4a79-bed1-1411c9d3a9e0,79,dadeng60,Male,MSS,I,C1,2.481072749,25,D,72.22934543,0,CSC2,-0.734829748,alow
TCGA-F1-A448,TCGA-F1-A448,TCGA-F1-A448,STAD_MSI,STAD,CCA74404-CD91-4A69-AE09-BFB5D9142D3D,70,dadeng60,Male,MSI,III,C1,14.51800538,4,F,21.27099977,0,CSC2,-0.421980738,alow
TCGA-F1-A72C,TCGA-F1-A72C,TCGA-F1-A72C,STAD_CIN,STAD,5C76CB89-B1B1-4910-B811-E44D3B277430,68,dadeng60,Male,MSS,II,C2,1.202447599,15,IE/F,11.27658875,1,CSC3,1.559867351,high
TCGA-FP-7735,TCGA-FP-7735,TCGA-FP-7735,STAD_CIN,STAD,1d43af3c-4279-4aed-9ced-ce3896a48ae0,77,dadeng60,Male,MSS,I,C1,1.531997136,NA,IE/F,3.484893316,0,CSC3,-0.323396985,alow
TCGA-FP-7829,TCGA-FP-7829,TCGA-FP-7829,STAD_CIN,STAD,45aacbb4-0fd8-431c-a57b-279ea57a19fc,69,dadeng60,Male,MSS,II,C1,6.233706649,16,F,19.52855311,0,CSC2,-0.86861053,alow
TCGA-FP-7916,TCGA-FP-7916,TCGA-FP-7916,STAD_EBV,STAD,d384dd0c-1947-4ffc-bee9-de38311d8249,77,dadeng60,Male,MSS,III,C2,2.361716419,21,IE,14.07107867,1,CSC4,0.5376919,high
TCGA-FP-7998,TCGA-FP-7998,TCGA-FP-7998,STAD_EBV,STAD,b2e2d35c-7a79-4165-97a5-82d5c37d94f2,77,dadeng60,Male,MSS,III,C2,1.627015501,6,IE,22.29016668,0,CSC4,0.229345419,high
TCGA-FP-8099,TCGA-FP-8099,TCGA-FP-8099,STAD_CIN,STAD,5956529e-f359-47c9-8222-0bd7f68c1e65,79,dadeng60,Male,MSS,II,C2,3.213116901,19,F,17.06282671,0,CSC4,0.465185753,high
TCGA-FP-8210,TCGA-FP-8210,TCGA-FP-8210,STAD_GS,STAD,92654ad8-156c-4dd1-862e-dc339240d721,48,xiao60,Male,MSS,III,C3,0.069431527,0,IE/F,5.030081862,1,CSC4,1.121394279,high
TCGA-FP-8211,TCGA-FP-8211,TCGA-FP-8211,STAD_CIN,STAD,0b1663fc-6a7e-4698-951d-a8c90fdf2411,62,dadeng60,Male,MSS,II,C2,2.647145761,5,IE,13.57793339,0,CSC3,0.813120517,high
TCGA-FP-8631,TCGA-FP-8631,TCGA-FP-8631,STAD_CIN,STAD,1a4313e7-a770-4a0e-93f1-c10562f521e3,68,dadeng60,Male,MSS,III,C2,2.259188598,20,D,0.558897985,0,CSC4,-0.092987328,high
TCGA-FP-A4BE,TCGA-FP-A4BE,TCGA-FP-A4BE,,STAD,48ABE0EF-DFD5-4E36-A319-C4EC3165CBA1,55,xiao60,Male,MSI,II,C2,36.33330515,NA,IE,11.07933064,0,CSC1,-1.306909377,alow
TCGA-FP-A4BF,TCGA-FP-A4BF,TCGA-FP-A4BF,STAD_CIN,STAD,0AE2B51D-AADE-4D24-8D0B-6990123D9074,68,dadeng60,Male,MSS,III,C2,2.546983672,21,IE,5.227339974,1,CSC3,1.069735992,high
TCGA-FP-A8CX,TCGA-FP-A8CX,TCGA-FP-A8CX,STAD_CIN,STAD,FEB5CCF3-395F-415A-85D3-DB637FCD514F,60,dadeng60,Male,MSS,III,C2,2.267373474,18,D,0.230134464,0,CSC2,-1.229708162,alow
TCGA-FP-A9TM,TCGA-FP-A9TM,TCGA-FP-A9TM,STAD_CIN,STAD,36ABEAF9-CC0F-43DD-9C55-B9347D826529,77,dadeng60,Male,MSS,II,C2,4.27453844,12,IE,6.213630536,0,CSC2,-0.169191805,alow
TCGA-HF-7132,TCGA-HF-7132,TCGA-HF-7132,STAD_MSI,STAD,6c3687fd-0761-477d-95ab-73e11d66dbd6,NA,dadeng60,Male,MSI,II,C2,32.95384327,5,IE,77.29230365,0,CSC2,-0.740996593,alow
TCGA-HF-7133,TCGA-HF-7133,TCGA-HF-7133,STAD_CIN,STAD,5d33895e-a959-4d5e-8850-c49c7fa49a22,NA,dadeng60,Female,MSS,IV,C2,1.955040062,10,F,63.05684321,0,CSC4,0.972448457,high
TCGA-HF-7134,TCGA-HF-7134,TCGA-HF-7134,,STAD,1dbe1e26-3bcd-45cf-990e-ad7c8754f4d4,NA,dadeng60,Male,MSS,I,NA,7.900112235,10,D,52.20764704,0,CSC2,-1.06388573,alow
TCGA-HF-7136,TCGA-HF-7136,TCGA-HF-7136,STAD_CIN,STAD,647dc54f-a51b-40ea-9d97-c93598c2af71,NA,dadeng60,Male,MSS,III,C1,2.258003423,17,D,NA,0,CSC4,0.313477714,high
TCGA-HF-A5NB,TCGA-HF-A5NB,TCGA-HF-A5NB,STAD_MSI,STAD,A58B6CD2-48F8-47D0-B97A-02A376F83E5C,75,dadeng60,Female,MSI,III,C2,35.99648326,2,IE,30.50925469,0,CSC1,-0.632466082,alow
TCGA-HJ-7597,TCGA-HJ-7597,TCGA-HJ-7597,,STAD,83d681f4-6c0e-45cc-a31d-0b1b31c8e073,71,dadeng60,Female,MSI,I,NA,20.49447504,9,IE,7.594437321,1,CSC4,-0.114439879,high
TCGA-HU-8238,TCGA-HU-8238,TCGA-HU-8238,,STAD,ac77e22d-42c0-4e06-b904-0dd5b31eb0d8,56,xiao60,Male,MSS,NA,NA,4.212435784,15,F,1.512312194,0,CSC3,-0.289234578,alow
TCGA-HU-8243,TCGA-HU-8243,TCGA-HU-8243,,STAD,77a8eab6-f6a1-4739-9031-75ead40d68cb,66,dadeng60,Male,MSS,III,NA,3.043258322,16,F,4.339678469,1,CSC1,-1.092303869,alow
TCGA-HU-8244,TCGA-HU-8244,TCGA-HU-8244,,STAD,f0b6e8f8-995c-47c1-bbec-d1d51dc97828,77,dadeng60,Female,MSS,I,NA,2.965102757,6,D,24.39425321,0,CSC1,-0.787532433,alow
TCGA-HU-8249,TCGA-HU-8249,TCGA-HU-8249,STAD_CIN,STAD,e302f643-eed3-4f07-a7fb-c32ee2031a1c,76,dadeng60,Male,MSS,III,C1,3.51218118,19,D,28.96406615,0,CSC3,0.431911044,high
TCGA-HU-8602,TCGA-HU-8602,TCGA-HU-8602,STAD_MSI,STAD,edce7aac-1d8b-41cb-88e2-f50b8eeca4d8,58,xiao60,Female,MSI,II,C2,40.77853882,4,IE,22.32304304,0,CSC1,-0.62481931,alow
TCGA-HU-8604,TCGA-HU-8604,TCGA-HU-8604,STAD_CIN,STAD,43945bf6-6e64-4f13-9822-baf30dcd726c,82,dadeng60,Female,MSS,II,C2,5.009742912,18,IE/F,22.81618832,0,CSC3,-0.207433981,alow
TCGA-HU-8608,TCGA-HU-8608,TCGA-HU-8608,STAD_EBV,STAD,c6316fb5-99a7-4adf-832f-dce44ddcd3aa,70,dadeng60,Male,MSS,III,C2,2.219703686,3,IE,9.106749515,1,CSC2,-0.631243294,alow
TCGA-HU-8610,TCGA-HU-8610,TCGA-HU-8610,STAD_GS,STAD,131fb0f0-e0af-431c-8462-f1925a5f4c72,75,dadeng60,Male,MSS,I,C6,1.439543672,10,F,0.756156097,0,CSC4,0.183640877,high
TCGA-HU-A4G2,TCGA-HU-A4G2,TCGA-HU-A4G2,STAD_EBV,STAD,3B17C66A-34AE-4B10-B907-4464D6D58383,45,xiao60,Male,MSS,II,C2,1.11847901,10,IE/F,24.29562416,0,CSC1,-0.62418379,alow
TCGA-HU-A4G3,TCGA-HU-A4G3,TCGA-HU-A4G3,STAD_GS,STAD,6EEEE564-1057-42E4-BFCE-B6FE17D58D10,54,xiao60,Male,MSS,II,C1,2.585047366,NA,D,5.588979847,0,CSC2,-0.529557609,alow
TCGA-HU-A4G6,TCGA-HU-A4G6,TCGA-HU-A4G6,STAD_EBV,STAD,30A82E9F-2A2D-4A66-BDB1-26B881C21D01,74,dadeng60,Male,MSS,I,C2,2.019411001,15,D,24.26274781,0,CSC1,-0.658929262,alow
TCGA-HU-A4G8,TCGA-HU-A4G8,TCGA-HU-A4G8,STAD_MSI,STAD,16286EBD-6811-4E53-B4D5-82E1E825BC7A,71,dadeng60,Female,MSI,II,C2,37.49195132,4,IE,22.68468291,0,CSC1,-0.662004892,alow
TCGA-HU-A4G9,TCGA-HU-A4G9,TCGA-HU-A4G9,STAD_MSI,STAD,8114D553-4025-4C8F-AE02-5ED01720723A,67,dadeng60,Female,MSI,I,C1,20.63879713,6,D,24.1969951,0,CSC1,-0.884200752,alow
TCGA-HU-A4GC,TCGA-HU-A4GC,TCGA-HU-A4GC,STAD_CIN,STAD,13E5A0AD-6D0C-4FB4-BF62-325F5C8ED329,74,dadeng60,Male,MSS,III,C2,3.258229116,13,D,3.254758852,0,CSC3,0.158508741,high
TCGA-HU-A4GD,TCGA-HU-A4GD,TCGA-HU-A4GD,STAD_CIN,STAD,AA88CE53-8439-40BD-8D93-E1D903D1C7FB,56,xiao60,Male,MSS,II,C2,2.173695163,11,D,13.11766446,1,CSC3,0.949712466,high
TCGA-HU-A4GF,TCGA-HU-A4GF,TCGA-HU-A4GF,STAD_CIN,STAD,DF89B0BE-FBE1-4CA7-BEA7-AE057C3F6461,69,dadeng60,Male,MSS,II,C2,3.605238,21,D,25.80793635,0,CSC2,-0.560212775,alow
TCGA-HU-A4GH,TCGA-HU-A4GH,TCGA-HU-A4GH,STAD_POLE,STAD,D9424178-9CB4-4BFB-9814-BA1AFE7AD954,75,dadeng60,Male,MSS,I,C1,20.10553811,20,D,11.76973403,0,CSC3,0.546316052,high
TCGA-HU-A4GJ,TCGA-HU-A4GJ,TCGA-HU-A4GJ,,STAD,05C4D180-A571-4ABB-BBDC-7363269DC0A6,60,dadeng60,Female,MSS,III,NA,0.056799157,NA,IE,17.98336457,1,CSC3,0.921509044,high
TCGA-HU-A4GN,TCGA-HU-A4GN,TCGA-HU-A4GN,STAD_MSI,STAD,F8A32CB0-8C3D-4BC2-8E53-561B89000BE7,61,dadeng60,Male,MSI,II,C2,28.91628785,0,D,5.523227143,1,CSC1,-0.517612055,alow
TCGA-HU-A4GP,TCGA-HU-A4GP,TCGA-HU-A4GP,STAD_CIN,STAD,C46FF2BB-BDD0-48CD-B2AE-7EF421B4B91A,62,dadeng60,Female,MSS,II,C1,4.644660945,9,D,8.975244107,0,CSC2,-0.720095151,alow
TCGA-HU-A4GQ,TCGA-HU-A4GQ,TCGA-HU-A4GQ,STAD_MSI,STAD,7739F659-0E25-4404-AD25-EE52FBBCFD44,71,dadeng60,Male,MSI,III,C2,46.50725924,6,IE,0.098629056,0,CSC3,0.290869346,high
TCGA-HU-A4GT,TCGA-HU-A4GT,TCGA-HU-A4GT,STAD_MSI,STAD,7997F3D8-BFF6-4808-8DF0-D88D344D7C9E,71,dadeng60,Female,MSI,II,C2,34.97703646,5,D,6.509517704,0,CSC1,-1.671765993,alow
TCGA-HU-A4GU,TCGA-HU-A4GU,TCGA-HU-A4GU,STAD_MSI,STAD,B93221BA-2076-4DD4-9931-179571B7E16C,73,dadeng60,Male,MSI,II,C2,37.47245341,15,D,6.575270408,0,CSC1,-1.057115827,alow
TCGA-HU-A4GX,TCGA-HU-A4GX,TCGA-HU-A4GX,STAD_MSI,STAD,75915370-0895-4933-8875-8A31C65C3D50,70,dadeng60,Female,MSI,III,C2,31.33064344,6,IE,20.25183286,0,CSC1,-0.309586607,alow
TCGA-HU-A4GY,TCGA-HU-A4GY,TCGA-HU-A4GY,STAD_CIN,STAD,41327AAC-1228-435A-8DE5-B26886BDBCE0,76,dadeng60,Female,MSS,III,C2,1.398531876,12,IE/F,0.263010816,0,CSC2,0.232024842,high
TCGA-HU-A4H0,TCGA-HU-A4H0,TCGA-HU-A4H0,STAD_EBV,STAD,FE45EAEE-FF0C-4D52-B18C-04DC2D64D3B4,72,dadeng60,Male,MSS,III,C2,4.720352881,21,IE,2.104086531,0,CSC1,-0.407763686,alow
TCGA-HU-A4H2,TCGA-HU-A4H2,TCGA-HU-A4H2,STAD_CIN,STAD,7B594344-573D-46A0-B735-6727F6F15585,58,xiao60,Female,MSS,III,C1,4.12758193,17,D,12.9532827,0,CSC1,-1.639909922,alow
TCGA-HU-A4H3,TCGA-HU-A4H3,TCGA-HU-A4H3,STAD_MSI,STAD,39FA91BD-DFFD-4B2C-AF7D-7FD914730B08,56,xiao60,Female,MSI,III,C2,23.07318547,4,D,13.47930434,1,CSC3,0.426363124,high
TCGA-HU-A4H4,TCGA-HU-A4H4,TCGA-HU-A4H4,STAD_MSI,STAD,00FDF96D-C48A-47E0-B91D-576C52E6819C,53,xiao60,Female,MSI,II,C2,16.05624735,12,IE,23.83535523,0,CSC1,-0.311520647,alow
TCGA-HU-A4H5,TCGA-HU-A4H5,TCGA-HU-A4H5,STAD_CIN,STAD,D262FDF0-30BF-4618-9342-DE5A2A053828,71,dadeng60,Male,MSS,I,C1,6.919941635,10,D,23.80247888,0,CSC3,-0.088850824,high
TCGA-HU-A4H6,TCGA-HU-A4H6,TCGA-HU-A4H6,STAD_CIN,STAD,416FD59B-A4F8-4610-9F8B-473CB5C04A4A,72,dadeng60,Female,MSS,III,C2,2.604679737,24,D,21.17237071,0,CSC3,0.33085105,high
TCGA-HU-A4H8,TCGA-HU-A4H8,TCGA-HU-A4H8,STAD_MSI,STAD,98760B3E-3075-4444-9A01-8F11935069D4,77,dadeng60,Male,MSI,I,C2,29.21178713,2,D,11.63822862,1,CSC1,-1.605439514,alow
TCGA-HU-A4HB,TCGA-HU-A4HB,TCGA-HU-A4HB,,STAD,36E36773-1D03-4ED0-AE31-1C0CA55577A4,68,dadeng60,Male,MSS,II,NA,0.231374357,0,IE,12.8217773,1,CSC2,-0.490044648,alow
TCGA-HU-A4HD,TCGA-HU-A4HD,TCGA-HU-A4HD,STAD_CIN,STAD,D807A1C0-F586-4F13-B8EF-3F79AB3D4B70,73,dadeng60,Male,MSS,III,C1,4.488523613,22,D,33.40237367,0,CSC3,-0.273331694,alow
TCGA-IN-7806,TCGA-IN-7806,TCGA-IN-7806,STAD_CIN,STAD,87c217d4-66f4-46ca-8244-7856ce658fd3,50,xiao60,Male,MSS,II,C3,1.928761648,11,D,36.36124536,0,CSC1,0.061710406,high
TCGA-IN-7808,TCGA-IN-7808,TCGA-IN-7808,STAD_CIN,STAD,8f9be4e3-a1e5-4fa3-8d31-a53de781ed97,59,xiao60,Male,MSS,NA,C2,2.900117452,31,IE,3.452016964,1,CSC3,1.675023143,high
TCGA-IN-8462,TCGA-IN-8462,TCGA-IN-8462,STAD_CIN,STAD,ba3911e6-2208-4a04-8891-b5cba9fda6bf,80,dadeng60,Male,MSS,II,C2,3.082293827,7,F,8.876615051,1,CSC4,1.429420216,high
TCGA-IN-8663,TCGA-IN-8663,TCGA-IN-8663,STAD_CIN,STAD,d5550422-dc4b-4ebf-acb5-aa5243fff49f,68,dadeng60,Male,MSS,II,C2,3.95596362,18,D,3.38626426,0,CSC3,1.347107822,high
TCGA-IN-A6RI,TCGA-IN-A6RI,TCGA-IN-A6RI,STAD_CIN,STAD,EC178822-D719-4E98-B864-16EC5AA005A4,45,xiao60,Male,MSS,I,C2,2.440422679,11,D,18.37788079,0,CSC1,-0.736354831,alow
TCGA-IN-A6RJ,TCGA-IN-A6RJ,TCGA-IN-A6RJ,STAD_CIN,STAD,2A665611-2464-4FEF-8CE8-17C966FC74A5,64,dadeng60,Male,MSS,I,C4,2.76735029,11,D,12.46013742,0,CSC2,0.771840138,high
TCGA-IN-A6RL,TCGA-IN-A6RL,TCGA-IN-A6RL,STAD_POLE,STAD,D8DAF273-5334-4BE0-B9E0-CC0004552544,84,dadeng60,Male,MSS,III,C2,10.68120527,5,IE/F,10.09304008,1,CSC3,0.524160429,high
TCGA-IN-A6RN,TCGA-IN-A6RN,TCGA-IN-A6RN,STAD_CIN,STAD,D2E49FE3-FC7C-47C5-AA1F-B6B06D10951A,72,dadeng60,Female,NA,II,C1,2.611177103,5,NA,19.52855311,0,CSC3,1.186792715,high
TCGA-IN-A6RO,TCGA-IN-A6RO,TCGA-IN-A6RO,STAD_CIN,STAD,2AE1706B-C0F7-40E3-AFE5-CB75D1584B96,70,dadeng60,Male,MSS,I,C2,7.604805584,13,D,5.062958214,1,CSC3,-0.290754838,alow
TCGA-IN-A6RR,TCGA-IN-A6RR,TCGA-IN-A6RR,STAD_CIN,STAD,7AB5A708-803F-4D8C-9B25-645F06851A26,84,dadeng60,Male,MSS,III,C2,3.530110843,5,D,6.739652168,0,CSC3,0.529609588,high
TCGA-IN-A6RS,TCGA-IN-A6RS,TCGA-IN-A6RS,STAD_CIN,STAD,BAF9A42A-E39E-4AAC-B7B5-1B63B7FA1435,76,dadeng60,Male,MSS,I,C1,2.497146021,10,IE,12.59164283,0,CSC1,-0.334128552,alow
TCGA-IN-A7NR,TCGA-IN-A7NR,TCGA-IN-A7NR,STAD_CIN,STAD,F74DF45F-8CFD-4DA8-BF84-7B1C80DC57EB,64,dadeng60,Female,MSS,IV,C2,2.1691112,9,IE/F,6.509517704,0,CSC3,0.593715267,high
TCGA-IN-A7NT,TCGA-IN-A7NT,TCGA-IN-A7NT,STAD_CIN,STAD,53108D62-6B7C-429F-9FEC-474781174968,73,dadeng60,Female,MSS,II,C2,2.835096985,22,F,10.61906171,0,CSC3,0.741877067,high
TCGA-IN-A7NU,TCGA-IN-A7NU,TCGA-IN-A7NU,STAD_CIN,STAD,26A5E389-8EC2-4316-BEEA-F9A63D455B73,69,dadeng60,Male,MSS,III,C2,2.346144259,12,IE/F,11.07933064,1,CSC3,1.371332781,high
TCGA-IN-AB1V,TCGA-IN-AB1V,TCGA-IN-AB1V,STAD_CIN,STAD,DDCC73BF-B10F-4FAB-96D4-3077947FCD2D,63,dadeng60,Male,MSS,I,C3,1.298515404,7,D,15.74777263,0,CSC2,0.51109159,high
TCGA-IN-AB1X,TCGA-IN-AB1X,TCGA-IN-AB1X,STAD_CIN,STAD,1E5A3796-6249-4A91-9FC8-0C273E337F29,78,dadeng60,Female,MSS,II,C2,2.92731014,4,IE,13.51218069,0,CSC3,0.525638115,high
TCGA-IP-7968,TCGA-IP-7968,TCGA-IP-7968,STAD_CIN,STAD,faf5f1e3-9f7d-4a9d-a005-6cad5e4becf7,74,dadeng60,Male,MSS,III,C1,2.95175059,5,D,2.531479107,0,CSC4,-0.131284457,high
TCGA-KB-A6F7,TCGA-KB-A6F7,TCGA-KB-A6F7,STAD_CIN,STAD,197D01A5-321C-461E-9B45-B359288B959A,54,xiao60,Female,MSS,I,C2,2.446144107,9,IE,63.6157412,0,CSC2,-0.27439039,alow
TCGA-KB-A93G,TCGA-KB-A93G,TCGA-KB-A93G,,STAD,E52396D1-ACD6-44F4-99C5-1A367128008D,68,dadeng60,Male,MSS,I,C1,2.344772378,10,F,20.1532038,0,CSC4,0.456995042,high
TCGA-KB-A93H,TCGA-KB-A93H,TCGA-KB-A93H,,STAD,DE865002-4938-4120-AA15-254FD40F2039,79,dadeng60,Female,MSS,II,C2,5.580822686,30,IE,37.64342309,0,CSC1,-0.41830859,alow
TCGA-KB-A93J,TCGA-KB-A93J,TCGA-KB-A93J,STAD_CIN,STAD,5F263B2C-3385-4D07-99C2-D7B613C4A470,78,dadeng60,Male,MSS,II,C2,3.334129474,6,IE,36.95301969,0,CSC2,-0.47217347,alow
TCGA-MX-A5UG,TCGA-MX-A5UG,TCGA-MX-A5UG,STAD_GS,STAD,F72A26E8-7F96-4D86-B37B-7DC35F681133,78,dadeng60,Male,MSS,III,C3,1.032973305,0,IE/F,3.715027781,0,CSC4,0.639632087,high
TCGA-MX-A5UJ,TCGA-MX-A5UJ,TCGA-MX-A5UJ,STAD_MSI,STAD,43E3FBF3-7812-45FB-BF4C-CE22A2AA1EEE,86,dadeng60,Female,MSI,III,C2,35.17422838,2,D,19.72581122,0,CSC2,0.00129958,high
TCGA-MX-A663,TCGA-MX-A663,TCGA-MX-A663,STAD_CIN,STAD,E9D0AA8B-9EF4-40F7-8254-38FDCE349BEE,66,dadeng60,Male,MSS,II,C1,2.21693244,15,F,7.167044745,1,CSC4,-0.259099586,alow
TCGA-MX-A666,TCGA-MX-A666,TCGA-MX-A666,STAD_CIN,STAD,D04E2E8C-9D58-4514-8AB7-3642289D4DE0,61,dadeng60,Male,MSS,II,C1,2.699289848,17,D,14.03820232,0,CSC2,-0.612828934,alow
TCGA-R5-A7O7,TCGA-R5-A7O7,TCGA-R5-A7O7,STAD_CIN,STAD,3BFA8069-6CA3-4405-9E32-11AA16B010AC,51,xiao60,Male,MSS,IV,C1,2.978357895,24,D,45.66525298,0,CSC1,-0.732243512,alow
TCGA-R5-A7ZE,TCGA-R5-A7ZE,TCGA-R5-A7ZE,STAD_CIN,STAD,7BEF9122-0FB4-4F2E-BB6E-67EDDC3EA9AF,66,dadeng60,Female,MSS,III,C1,4.048451511,27,D,18.21349903,1,CSC3,0.339678822,high
TCGA-R5-A7ZF,TCGA-R5-A7ZF,TCGA-R5-A7ZF,STAD_CIN,STAD,9745F1CA-D663-458A-86DD-024EBBF6A863,65,dadeng60,Female,MSS,IV,C2,1.50778808,22,D,8.514975178,1,CSC1,-0.342545585,alow
TCGA-R5-A7ZI,TCGA-R5-A7ZI,TCGA-R5-A7ZI,STAD_MSI,STAD,B4376DA2-05CA-448F-A4BB-E7B62695491A,44,xiao60,Female,MSI,IV,C2,20.75097698,15,IE,74.53069008,0,CSC1,-0.491301229,alow
TCGA-R5-A7ZR,TCGA-R5-A7ZR,TCGA-R5-A7ZR,STAD_CIN,STAD,E04A05EE-F0D8-4691-84BB-D1A61E1BD77B,70,dadeng60,Female,MSS,III,C2,1.761451254,15,D,6.082125127,1,CSC1,-1.056519707,alow
TCGA-R5-A805,TCGA-R5-A805,TCGA-R5-A805,STAD_CIN,STAD,7059EA66-93D7-4941-A35C-8A324D1AB94A,71,dadeng60,Male,MSS,III,C2,3.510759973,10,F,9.238254923,1,CSC4,0.014973813,high
TCGA-RD-A7BS,TCGA-RD-A7BS,TCGA-RD-A7BS,STAD_GS,STAD,AA3D2D17-19E3-4B76-8235-98550F49DC91,46,xiao60,Male,MSS,III,C2,1.099735901,8,IE/F,8.021829898,1,CSC4,1.471251359,high
TCGA-RD-A7BT,TCGA-RD-A7BT,TCGA-RD-A7BT,,STAD,018F93AD-92EF-4BBB-A0FB-DC407A289DAA,66,dadeng60,Male,MSS,IV,C1,5.943853999,26,D,4.043791301,1,CSC1,-1.05484459,alow
TCGA-RD-A7BW,TCGA-RD-A7BW,TCGA-RD-A7BW,STAD_CIN,STAD,B54FE07A-F63D-4861-878A-8E8322E32FED,68,dadeng60,Female,MSS,I,C6,1.492016551,3,IE/F,5.128710918,0,CSC3,1.876511444,high
TCGA-RD-A7C1,TCGA-RD-A7C1,TCGA-RD-A7C1,STAD_CIN,STAD,C993A68D-0342-4DF4-A082-72094F061C86,82,dadeng60,Male,MSS,I,C2,6.70318633,24,IE,14.39984219,1,CSC1,0.139564299,high
TCGA-RD-A8MV,TCGA-RD-A8MV,TCGA-RD-A8MV,STAD_CIN,STAD,17638F77-3D0A-4B7F-8801-D807AAD6BBD4,56,xiao60,Male,MSS,III,C2,2.108627264,6,IE,122.3000296,0,CSC2,-0.115694021,high
TCGA-RD-A8MW,TCGA-RD-A8MW,TCGA-RD-A8MW,STAD_CIN,STAD,0B787BDB-949D-499C-AECE-7A3977FCD198,72,dadeng60,Male,MSS,III,C1,1.92403733,14,F,3.2218825,1,CSC3,0.032921185,high
TCGA-RD-A8N0,TCGA-RD-A8N0,TCGA-RD-A8N0,STAD_GS,STAD,2360C1E2-90F5-4737-9486-3F4590C37322,53,xiao60,Female,MSS,III,C2,0.031408262,NA,IE,40.63517112,0,CSC2,0.076605551,high
TCGA-RD-A8N1,TCGA-RD-A8N1,TCGA-RD-A8N1,STAD_CIN,STAD,46D7489A-CFE6-440E-9D50-919D0EAD8018,70,dadeng60,Male,MSS,III,C2,2.9227269,17,IE,115.6918828,0,CSC2,-0.069840669,high
TCGA-RD-A8N2,TCGA-RD-A8N2,TCGA-RD-A8N2,STAD_GS,STAD,158B6BD2-1E7D-4C7E-9D8A-42467342C9C2,59,xiao60,Female,MSS,I,C3,0.030951375,NA,IE/F,116.3822862,0,CSC2,0.480608044,high
TCGA-RD-A8N4,TCGA-RD-A8N4,TCGA-RD-A8N4,STAD_GS,STAD,26BBEAFA-6923-4C23-8D5F-AA33FBA92E82,58,xiao60,Female,MSS,III,C2,0.060269993,0,IE/F,71.37456028,0,CSC2,0.369367595,high
TCGA-RD-A8N5,TCGA-RD-A8N5,TCGA-RD-A8N5,STAD_CIN,STAD,6E2ECC9D-DC68-4922-A36E-E8BBAF9EAFB3,78,dadeng60,Male,MSS,III,C6,0.820850149,29,F,57.43498701,0,CSC4,-0.082465737,high
TCGA-RD-A8N6,TCGA-RD-A8N6,TCGA-RD-A8N6,STAD_CIN,STAD,F8557247-91FA-4772-AE14-958D709D9815,78,dadeng60,Female,MSS,III,C1,4.160943414,20,D,5.358845383,1,CSC4,1.133452589,high
TCGA-RD-A8N9,TCGA-RD-A8N9,TCGA-RD-A8N9,STAD_CIN,STAD,8CE63594-BF4A-4B8D-9A48-49CB92B98EA9,63,dadeng60,Female,MSS,II,C1,2.785687651,18,IE/F,35.60508926,0,CSC2,0.135278777,high
TCGA-RD-A8NB,TCGA-RD-A8NB,TCGA-RD-A8NB,STAD_MSI,STAD,FDB40436-A545-40DA-8C6B-2F8AFF359FF6,80,dadeng60,Female,MSI,III,C2,15.97728487,NA,IE,7.561560969,1,CSC2,0.122805876,high
TCGA-SW-A7EA,TCGA-SW-A7EA,TCGA-SW-A7EA,STAD_MSI,STAD,76C666E8-75C0-4E82-978C-1E346435B0FA,61,dadeng60,Female,MSI,I,C2,16.10041119,2,IE,19.03540783,0,CSC3,1.154088967,high
TCGA-SW-A7EB,TCGA-SW-A7EB,TCGA-SW-A7EB,STAD_CIN,STAD,BFDCC333-1B9D-44D2-90A4-C1720BA712E9,45,xiao60,Male,MSS,III,C1,3.595472484,21,IE/F,5.786237959,0,CSC4,0.630042606,high
TCGA-VQ-A8DT,TCGA-VQ-A8DT,TCGA-VQ-A8DT,STAD_GS,STAD,8027ADC9-4918-45F0-A7DA-5767DA0B999E,43,xiao60,Male,MSS,III,C2,4.908458477,3,D,45.23786041,1,CSC1,-1.222741644,alow
TCGA-VQ-A8DU,TCGA-VQ-A8DU,TCGA-VQ-A8DU,STAD_CIN,STAD,6FA6ACE1-4B39-44DB-9413-73EB21588AA1,63,dadeng60,Male,MSS,III,C2,4.064922585,20,D,5.194463622,1,CSC3,0.609985655,high
TCGA-VQ-A8DV,TCGA-VQ-A8DV,TCGA-VQ-A8DV,STAD_CIN,STAD,D7FE7004-6268-4DAC-B145-FF76E678E77E,48,xiao60,Male,MSS,I,C1,1.779229361,18,D,9.468389388,1,CSC3,-0.041551828,high
TCGA-VQ-A8DZ,TCGA-VQ-A8DZ,TCGA-VQ-A8DZ,STAD_CIN,STAD,A8A9B061-B33C-4C69-BD4C-7F430474CDFD,70,dadeng60,Male,MSS,IV,C1,2.196151884,25,D,13.01903541,1,CSC3,-0.4651145,alow
TCGA-VQ-A8E0,TCGA-VQ-A8E0,TCGA-VQ-A8E0,STAD_CIN,STAD,EB9A558C-39EF-42C0-8DFC-64D01B729426,68,dadeng60,Male,MSS,III,C1,2.452109319,22,F,17.45734293,1,CSC2,-0.85870705,alow
TCGA-VQ-A8E2,TCGA-VQ-A8E2,TCGA-VQ-A8E2,STAD_CIN,STAD,C16EED96-8DA8-4D01-B87D-660F46172777,57,xiao60,Male,MSS,III,C1,3.226451237,18,D,43.36390834,0,CSC4,0.85270202,high
TCGA-VQ-A8E3,TCGA-VQ-A8E3,TCGA-VQ-A8E3,STAD_MSI,STAD,E9B3822B-699D-412F-ABD2-DF399EFCCE8C,79,dadeng60,Male,MSI,II,C2,19.67586235,13,IE,17.6874774,1,CSC2,-0.110471847,high
TCGA-VQ-A8E7,TCGA-VQ-A8E7,TCGA-VQ-A8E7,STAD_CIN,STAD,7DA1A098-73F7-40C1-8C9D-E0423C15009C,59,xiao60,Male,MSS,IV,C1,2.541064988,8,D,34.45441694,1,CSC2,-0.961575419,alow
TCGA-VQ-A8P2,TCGA-VQ-A8P2,TCGA-VQ-A8P2,STAD_MSI,STAD,A0D35A25-3500-46F3-874F-1A0820200473,68,dadeng60,Male,MSI,III,C1,192.072723,2,D,38.13656837,0,CSC1,-1.675138165,alow
TCGA-VQ-A8P3,TCGA-VQ-A8P3,TCGA-VQ-A8P3,STAD_GS,STAD,5C68E3E4-58F7-4699-989D-80D2E4996794,72,dadeng60,Male,MSS,III,C1,7.868263182,0,D,37.21603051,0,CSC1,-0.569242533,alow
TCGA-VQ-A8P5,TCGA-VQ-A8P5,TCGA-VQ-A8P5,STAD_CIN,STAD,1654C42B-664B-407E-8CA7-D4CD908B709A,67,dadeng60,Male,MSS,II,C2,5.45385456,19,D,7.725942729,0,CSC3,0.216146396,high
TCGA-VQ-A8P8,TCGA-VQ-A8P8,TCGA-VQ-A8P8,STAD_GS,STAD,0403E788-27F1-4205-9E73-ADE13B8DF1E0,72,dadeng60,Female,MSS,II,C2,2.368256087,NA,IE/F,30.96952362,0,CSC2,-0.676578064,alow
TCGA-VQ-A8PB,TCGA-VQ-A8PB,TCGA-VQ-A8PB,STAD_MSI,STAD,02661985-D13F-4007-9A42-5E08D1A6CA10,65,dadeng60,Female,MSI,II,C1,20.65796232,4,D,34.29003518,0,CSC1,-0.915142823,alow
TCGA-VQ-A8PC,TCGA-VQ-A8PC,TCGA-VQ-A8PC,STAD_CIN,STAD,26F3EE89-7F74-4C4E-AD6F-FAB29A5460F9,65,dadeng60,Male,MSS,III,C2,3.362441359,13,IE/F,42.31186508,1,CSC4,-0.086287595,high
TCGA-VQ-A8PD,TCGA-VQ-A8PD,TCGA-VQ-A8PD,STAD_GS,STAD,76DF6303-A635-410B-A4D9-DB5DCE72FCBC,69,dadeng60,Male,MSS,III,C6,2.040120844,3,IE/F,4.405431173,1,CSC4,0.000876415,high
TCGA-VQ-A8PE,TCGA-VQ-A8PE,TCGA-VQ-A8PE,STAD_CIN,STAD,32B1F9FF-DBAD-47F5-9580-13F4120F5891,78,dadeng60,Male,MSS,III,C1,3.273379073,13,D,8.712233291,1,CSC3,-0.402953408,alow
TCGA-VQ-A8PF,TCGA-VQ-A8PF,TCGA-VQ-A8PF,STAD_EBV,STAD,94037C4F-7ACC-436B-8433-7213A385539A,76,dadeng60,Male,MSS,III,C2,2.891935406,4,IE,2.498602755,0,CSC3,-0.445347221,alow
TCGA-VQ-A8PH,TCGA-VQ-A8PH,TCGA-VQ-A8PH,STAD_CIN,STAD,52849C60-7E30-4BA4-9DAE-BE4ADF031120,62,dadeng60,Male,MSS,III,C1,5.206116667,22,D,12.39438472,1,CSC3,0.67605307,high
TCGA-VQ-A8PJ,TCGA-VQ-A8PJ,TCGA-VQ-A8PJ,STAD_CIN,STAD,0CD4B4A2-D3CE-4FC4-B899-BBCECB2B3D55,53,xiao60,Male,MSS,IV,C1,3.820220427,25,D,2.695860867,1,CSC4,-0.43461388,alow
TCGA-VQ-A8PK,TCGA-VQ-A8PK,TCGA-VQ-A8PK,STAD_CIN,STAD,56BCB686-5010-439F-819F-95DDA9885CA5,58,xiao60,Male,MSS,III,C2,2.46892061,18,D,8.646480587,1,CSC4,0.669335805,high
TCGA-VQ-A8PM,TCGA-VQ-A8PM,TCGA-VQ-A8PM,STAD_CIN,STAD,BAB53C56-82F1-4D63-98F5-4608EA7B5F4E,56,xiao60,Male,MSS,IV,C2,1.400854351,9,IE/F,1.873952066,1,CSC2,-0.619572859,alow
TCGA-VQ-A8PO,TCGA-VQ-A8PO,TCGA-VQ-A8PO,STAD_MSI,STAD,4EC9DBB4-358D-4C59-8039-552C7006C2BF,74,dadeng60,Male,MSI,II,C2,21.43468797,4,IE,8.416346122,1,CSC1,-1.00445411,alow
TCGA-VQ-A8PP,TCGA-VQ-A8PP,TCGA-VQ-A8PP,STAD_MSI,STAD,E181474C-1585-4AED-BA90-BAE5324569D5,76,dadeng60,Male,MSI,IV,C1,38.17817943,6,IE/F,16.50392872,1,CSC2,0.222445209,high
TCGA-VQ-A8PQ,TCGA-VQ-A8PQ,TCGA-VQ-A8PQ,STAD_GS,STAD,7136D33F-6109-4D86-AD76-A02EF5C3808A,50,xiao60,Female,MSS,IV,C3,0.209838406,0,IE/F,2.991748036,1,CSC4,1.231325522,high
TCGA-VQ-A8PU,TCGA-VQ-A8PU,TCGA-VQ-A8PU,STAD_CIN,STAD,CB4394EC-1991-460D-B823-B74E005E3DA7,72,dadeng60,Female,MSS,III,C1,3.050082637,14,D,27.3531249,0,CSC3,-0.017993245,high
TCGA-VQ-A8PX,TCGA-VQ-A8PX,TCGA-VQ-A8PX,STAD_MSI,STAD,E6634A0A-9AB0-441E-A667-2F7F6C7368CC,51,xiao60,Male,MSI,I,C2,15.28938541,16,IE,64.56915541,0,CSC1,-1.030569623,alow
TCGA-VQ-A91A,TCGA-VQ-A91A,TCGA-VQ-A91A,STAD_CIN,STAD,3ED0D746-AB57-4097-94D5-5E89985B8F31,67,dadeng60,Male,MSS,III,C1,3.505972704,15,F,4.241049413,1,CSC4,0.299243541,high
TCGA-VQ-A91D,TCGA-VQ-A91D,TCGA-VQ-A91D,STAD_MSI,STAD,33A9F48E-75E5-4EC5-8E4A-7C6D91A98656,70,dadeng60,Male,MSI,III,C2,62.04655607,0,F,11.53959957,1,CSC3,-0.06387725,high
TCGA-VQ-A91E,TCGA-VQ-A91E,TCGA-VQ-A91E,,STAD,2E04B48C-0805-4965-8AFA-C5FCD32993C5,67,dadeng60,Female,MSI,III,NA,20.80572331,15,IE,21.82989776,0,CSC2,-0.869854561,alow
TCGA-VQ-A91K,TCGA-VQ-A91K,TCGA-VQ-A91K,STAD_MSI,STAD,2983F08C-3B32-4FB3-9D7E-5B34F9C2F741,69,dadeng60,Male,MSI,III,C2,34.98825125,1,IE,61.2157675,0,CSC2,0.107046441,high
TCGA-VQ-A91N,TCGA-VQ-A91N,TCGA-VQ-A91N,STAD_CIN,STAD,CBE05333-3185-4878-B6E6-977A0E1400E4,59,xiao60,Female,MSS,IV,C1,2.760650161,16,D,14.39984219,1,CSC1,-1.210810536,alow
TCGA-VQ-A91Q,TCGA-VQ-A91Q,TCGA-VQ-A91Q,STAD_CIN,STAD,C60E89A7-A8BA-458E-8F10-785C3F562FD6,61,dadeng60,Male,MSS,IV,C2,2.644349998,8,F,18.11486997,1,CSC3,0.126017217,high
TCGA-VQ-A91S,TCGA-VQ-A91S,TCGA-VQ-A91S,STAD_CIN,STAD,D22DE643-5F93-42D0-9199-1F55405241D6,63,dadeng60,Male,MSS,III,C2,6.430564515,8,IE,32.87635204,0,CSC1,-1.357943655,alow
TCGA-VQ-A91U,TCGA-VQ-A91U,TCGA-VQ-A91U,STAD_CIN,STAD,37B64809-C4FD-412D-9A7F-FAD6BF036AAF,78,dadeng60,Male,MSS,III,C2,3.687919319,24,IE,1.709570306,0,CSC1,-0.925851993,alow
TCGA-VQ-A91V,TCGA-VQ-A91V,TCGA-VQ-A91V,STAD_CIN,STAD,4A00CA75-D23A-4642-BEE8-DB4182517724,58,xiao60,Male,MSS,III,C2,6.415190769,9,D,16.56968143,1,CSC2,-0.634670914,alow
TCGA-VQ-A91W,TCGA-VQ-A91W,TCGA-VQ-A91W,STAD_EBV,STAD,7861DCA2-BADC-4575-A388-621D3614A8E4,30,xiao60,Male,MSS,III,C2,1.075302412,6,F,60.85412763,0,CSC1,-0.40178391,alow
TCGA-VQ-A91X,TCGA-VQ-A91X,TCGA-VQ-A91X,STAD_CIN,STAD,4B56B93E-934C-45FF-9D24-B4B6812A790B,74,dadeng60,Male,MSS,III,C1,5.551984867,21,D,9.50126574,0,CSC1,-1.063966588,alow
TCGA-VQ-A91Y,TCGA-VQ-A91Y,TCGA-VQ-A91Y,STAD_CIN,STAD,807BEA1D-975A-4D01-98C5-2748D832235B,67,dadeng60,Male,MSS,III,C2,1.068992765,8,IE/F,8.482098826,1,CSC4,0.582185056,high
TCGA-VQ-A91Z,TCGA-VQ-A91Z,TCGA-VQ-A91Z,STAD_CIN,STAD,CAFBAE18-12A5-40FB-9DBE-C1D0598B9091,67,dadeng60,Female,MSS,III,C1,3.690947622,24,D,43.06802117,1,CSC4,0.061601126,high
TCGA-VQ-A922,TCGA-VQ-A922,TCGA-VQ-A922,STAD_CIN,STAD,8BD783A3-D6C9-4C87-A2A1-09F903B9C7CA,70,dadeng60,Male,MSS,IV,C1,3.771460591,15,D,8.284840714,1,CSC4,0.612229877,high
TCGA-VQ-A923,TCGA-VQ-A923,TCGA-VQ-A923,STAD_EBV,STAD,4BAE9C20-74A4-4AD3-8CF3-76E41217F389,90,dadeng60,Male,MSS,III,C2,2.434922384,14,IE,2.005457474,0,CSC3,0.119035103,high
TCGA-VQ-A924,TCGA-VQ-A924,TCGA-VQ-A924,STAD_MSI,STAD,C656375B-6B63-4728-A126-DBD746A1F437,69,dadeng60,Male,MSI,II,C2,34.68524585,1,IE,55.42952954,1,CSC1,-0.758567083,alow
TCGA-VQ-A925,TCGA-VQ-A925,TCGA-VQ-A925,STAD_CIN,STAD,012921DA-962C-462C-9C36-D0F21B23C028,66,dadeng60,Male,MSS,III,C1,3.24749744,21,D,4.536936582,1,CSC3,-0.100260424,high
TCGA-VQ-A927,TCGA-VQ-A927,TCGA-VQ-A927,STAD_GS,STAD,76A4E24E-E645-47C5-836A-6A029E97A4C8,81,dadeng60,Male,MSS,III,C1,1.10101774,NA,IE/F,6.575270408,1,CSC2,-0.526533093,alow
TCGA-VQ-A928,TCGA-VQ-A928,TCGA-VQ-A928,STAD_GS,STAD,43B7A790-35A2-4786-B375-C3847D2AEC62,49,xiao60,Male,MSS,IV,C1,1.475307187,5,F,4.865700102,1,CSC2,-0.718420953,alow
TCGA-VQ-A92D,TCGA-VQ-A92D,TCGA-VQ-A92D,STAD_CIN,STAD,ABA9439A-EA8D-404F-9FAF-EB71A306684D,67,dadeng60,Male,MSS,I,C2,3.13811038,6,D,66.80474735,0,CSC2,-0.568554959,alow
TCGA-VQ-A94O,TCGA-VQ-A94O,TCGA-VQ-A94O,STAD_CIN,STAD,E12D142E-7339-48FC-B17A-9E311B65327F,74,dadeng60,Male,MSS,III,C1,1.529998509,22,D,6.082125127,1,CSC3,-0.088531712,high
TCGA-VQ-A94P,TCGA-VQ-A94P,TCGA-VQ-A94P,STAD_CIN,STAD,A205522F-2DF0-4829-B86F-FA43C76C39CC,57,xiao60,Male,MSS,IV,C3,1.825695008,11,F,2.662984515,1,CSC2,0.811528459,high
TCGA-VQ-A94R,TCGA-VQ-A94R,TCGA-VQ-A94R,STAD_CIN,STAD,95EDFABE-0B35-4CDD-AED4-E2234D806F35,63,dadeng60,Male,MSS,IV,C1,7.324751347,9,D,33.46812638,1,CSC2,-0.420581532,alow
TCGA-VQ-A94T,TCGA-VQ-A94T,TCGA-VQ-A94T,STAD_CIN,STAD,E6DAA4FA-DCF7-4698-B13F-FDFA4EDA6943,73,dadeng60,Male,MSS,III,C1,1.81663418,22,D,9.731400204,1,CSC1,-0.672432752,alow
TCGA-VQ-A94U,TCGA-VQ-A94U,TCGA-VQ-A94U,STAD_CIN,STAD,A0402DE7-08AE-4528-9E77-289295AD8EF8,70,dadeng60,Male,MSS,II,C1,3.82851222,21,F,26.92573232,0,CSC2,0.592189215,high
TCGA-VQ-AA64,TCGA-VQ-AA64,TCGA-VQ-AA64,STAD_CIN,STAD,FB143117-C3AD-4F4B-8F39-7586279E8EAA,68,dadeng60,Male,MSS,III,C2,6.765109449,3,D,18.41075714,1,CSC3,0.259383842,high
TCGA-VQ-AA68,TCGA-VQ-AA68,TCGA-VQ-AA68,STAD_CIN,STAD,3FF9B46B-325F-4655-AB40-953154753DAE,52,xiao60,Female,MSS,III,C2,4.431884418,23,IE,43.65979551,0,CSC3,-0.017340769,high
TCGA-VQ-AA69,TCGA-VQ-AA69,TCGA-VQ-AA69,STAD_EBV,STAD,46874009-4B32-43FF-A36A-236A3CA28FEF,35,xiao60,Male,MSS,III,C4,1.662631335,0,IE,28.40516816,0,CSC1,0.096435266,high
TCGA-VQ-AA6A,TCGA-VQ-AA6A,TCGA-VQ-AA6A,STAD_CIN,STAD,EB7E9AAD-95D3-4EFC-A706-E2C986D17055,56,xiao60,Male,MSS,III,C1,2.436742098,14,D,38.92560082,0,CSC2,-0.430756504,alow
TCGA-VQ-AA6B,TCGA-VQ-AA6B,TCGA-VQ-AA6B,STAD_CIN,STAD,40CB6F49-3D68-45DC-9BFA-B4D724DE7DFE,48,xiao60,Male,MSS,III,C1,2.250919691,25,D,32.94210474,0,CSC1,-0.773872428,alow
TCGA-VQ-AA6D,TCGA-VQ-AA6D,TCGA-VQ-AA6D,STAD_MSI,STAD,5779F7A7-05D7-4972-BD4F-AACB32420510,52,xiao60,Female,MSI,III,C2,19.40319742,8,D,17.12857941,0,CSC3,-0.394529213,alow
TCGA-VQ-AA6F,TCGA-VQ-AA6F,TCGA-VQ-AA6F,STAD_CIN,STAD,DCCD3854-8865-4452-9F1C-97283509B553,57,xiao60,Male,MSS,II,C2,1.312374769,13,IE,17.95048821,1,CSC3,0.166993808,high
TCGA-VQ-AA6G,TCGA-VQ-AA6G,TCGA-VQ-AA6G,STAD_CIN,STAD,A3F03A0A-F251-4588-97BC-3403597A35AD,68,dadeng60,Male,MSS,II,C2,3.384841933,3,F,15.41900911,1,CSC2,-0.391329209,alow
TCGA-VQ-AA6I,TCGA-VQ-AA6I,TCGA-VQ-AA6I,STAD_CIN,STAD,3CCBE7C7-C779-4A98-B495-FF020D3E9E55,68,dadeng60,Male,MSS,III,C1,2.524830184,15,IE,15.61626722,1,CSC1,-0.515214489,alow
TCGA-VQ-AA6J,TCGA-VQ-AA6J,TCGA-VQ-AA6J,STAD_CIN,STAD,A267DDB4-B2D9-4292-B120-6E13E70D01F8,75,dadeng60,Male,MSS,III,C2,3.558623103,9,IE,27.55038301,0,CSC3,-0.301412668,alow
TCGA-VQ-AA6K,TCGA-VQ-AA6K,TCGA-VQ-AA6K,STAD_CIN,STAD,83A0F9EF-4BF0-4EFE-8713-F8B6AB4F5773,59,xiao60,Male,MSS,III,C2,2.190141783,14,D,10.91494888,1,CSC4,0.151889982,high
TCGA-ZA-A8F6,TCGA-ZA-A8F6,TCGA-ZA-A8F6,STAD_CIN,STAD,9130C730-B0BC-4D3A-9EE1-09BF43D9BD67,71,dadeng60,Male,MSS,I,C3,1.268603786,7,F,17.26008482,0,CSC2,-0.318608558,alow
TCGA-ZQ-A9CR,TCGA-ZQ-A9CR,TCGA-ZQ-A9CR,STAD_CIN,STAD,F76122F7-343A-4345-9FB6-E46AD0B75CB0,79,dadeng60,Female,MSS,III,C1,2.829748593,19,F,0.789032449,0,CSC3,0.037914654,high
